{
	"credit": "Made with Blockbench",
	"parent": "block/cube_all",
	"textures": {
		"all": "block/coal_ore"
	},
	"elements": [
		{
			"from": [0, 0, 0],
			"to": [16, 16, 16],
			"faces": {
				"north": {"uv": [0, 0, 16, 16], "texture": "#all"},
				"east": {"uv": [0, 0, 16, 16], "texture": "#all"},
				"south": {"uv": [0, 0, 16, 16], "texture": "#all"},
				"west": {"uv": [0, 0, 16, 16], "texture": "#all"},
				"up": {"uv": [0, 0, 16, 16], "texture": "#all"},
				"down": {"uv": [0, 0, 16, 16], "texture": "#all"}
			}
		},
		{
			"from": [4, 13, 16],
			"to": [5, 14, 17],
			"faces": {
				"north": {"uv": [0, 0, 1, 1], "texture": "#all"},
				"east": {"uv": [4, 2, 5, 3], "texture": "#all"},
				"south": {"uv": [4, 2, 5, 3], "texture": "#all"},
				"west": {"uv": [4, 2, 5, 3], "texture": "#all"},
				"up": {"uv": [4, 2, 5, 3], "texture": "#all"},
				"down": {"uv": [4, 2, 5, 3], "texture": "#all"}
			}
		},
		{
			"from": [7, 12, 16],
			"to": [9, 13, 17],
			"faces": {
				"north": {"uv": [0, 0, 1, 1], "texture": "#all"},
				"east": {"uv": [8, 3, 9, 4], "texture": "#all"},
				"south": {"uv": [7, 3, 9, 4], "texture": "#all"},
				"west": {"uv": [7, 3, 8, 4], "texture": "#all"},
				"up": {"uv": [7, 3, 9, 4], "texture": "#all"},
				"down": {"uv": [7, 3, 9, 4], "texture": "#all"}
			}
		},
		{
			"from": [12, 13, 16],
			"to": [14, 14, 17],
			"faces": {
				"north": {"uv": [0, 0, 1, 1], "texture": "#all"},
				"east": {"uv": [13, 2, 14, 3], "texture": "#all"},
				"south": {"uv": [12, 2, 14, 3], "texture": "#all"},
				"west": {"uv": [12, 2, 13, 3], "texture": "#all"},
				"up": {"uv": [12, 2, 14, 3], "texture": "#all"},
				"down": {"uv": [12, 2, 14, 3], "texture": "#all"}
			}
		},
		{
			"from": [10, 9, 16],
			"to": [12, 11, 17],
			"faces": {
				"north": {"uv": [0, 0, 1, 1], "texture": "#all"},
				"east": {"uv": [11, 5, 12, 7], "texture": "#all"},
				"south": {"uv": [10, 5, 12, 7], "texture": "#all"},
				"west": {"uv": [10, 5, 11, 7], "texture": "#all"},
				"up": {"uv": [10, 5, 12, 6], "texture": "#all"},
				"down": {"uv": [10, 6, 12, 7], "texture": "#all"}
			}
		},
		{
			"from": [3, 2, 16],
			"to": [5, 3, 17],
			"faces": {
				"north": {"uv": [0, 0, 1, 1], "texture": "#all"},
				"east": {"uv": [8, 3, 9, 4], "texture": "#all"},
				"south": {"uv": [7, 3, 9, 4], "texture": "#all"},
				"west": {"uv": [7, 3, 8, 4], "texture": "#all"},
				"up": {"uv": [7, 3, 9, 4], "texture": "#all"},
				"down": {"uv": [7, 3, 9, 4], "texture": "#all"}
			}
		},
		{
			"from": [1, 7, 16],
			"to": [3, 8, 17],
			"faces": {
				"north": {"uv": [0, 0, 1, 1], "texture": "#all"},
				"east": {"uv": [13, 2, 14, 3], "texture": "#all"},
				"south": {"uv": [12, 2, 14, 3], "texture": "#all"},
				"west": {"uv": [12, 2, 13, 3], "texture": "#all"},
				"up": {"uv": [12, 2, 14, 3], "texture": "#all"},
				"down": {"uv": [12, 2, 14, 3], "texture": "#all"}
			}
		},
		{
			"from": [4, 5, 16],
			"to": [5, 6, 17],
			"faces": {
				"north": {"uv": [0, 0, 1, 1], "texture": "#all"},
				"east": {"uv": [4, 10, 5, 11], "texture": "#all"},
				"south": {"uv": [4, 10, 5, 11], "texture": "#all"},
				"west": {"uv": [4, 10, 5, 11], "texture": "#all"},
				"up": {"uv": [4, 10, 5, 11], "texture": "#all"},
				"down": {"uv": [4, 10, 5, 11], "texture": "#all"}
			}
		},
		{
			"from": [8, 7, 16],
			"to": [10, 8, 17],
			"faces": {
				"north": {"uv": [0, 0, 1, 1], "texture": "#all"},
				"east": {"uv": [8, 3, 9, 4], "texture": "#all"},
				"south": {"uv": [7, 3, 9, 4], "texture": "#all"},
				"west": {"uv": [7, 3, 8, 4], "texture": "#all"},
				"up": {"uv": [7, 3, 9, 4], "texture": "#all"},
				"down": {"uv": [7, 3, 9, 4], "texture": "#all"}
			}
		},
		{
			"from": [5, 10, 16],
			"to": [7, 11, 17],
			"faces": {
				"north": {"uv": [0, 0, 1, 1], "texture": "#all"},
				"east": {"uv": [6, 5, 7, 6], "texture": "#all"},
				"south": {"uv": [5, 5, 7, 6], "texture": "#all"},
				"west": {"uv": [5, 5, 6, 6], "texture": "#all"},
				"up": {"uv": [5, 5, 7, 6], "texture": "#all"},
				"down": {"uv": [5, 5, 7, 6], "texture": "#all"}
			}
		},
		{
			"from": [3, 9, 16],
			"to": [8, 10, 17],
			"faces": {
				"north": {"uv": [0, 0, 1, 1], "texture": "#all"},
				"east": {"uv": [7, 6, 8, 7], "texture": "#all"},
				"south": {"uv": [3, 6, 8, 7], "texture": "#all"},
				"west": {"uv": [3, 6, 4, 7], "texture": "#all"},
				"up": {"uv": [3, 6, 8, 7], "texture": "#all"},
				"down": {"uv": [3, 6, 8, 7], "texture": "#all"}
			}
		},
		{
			"from": [7, 6, 16],
			"to": [11, 7, 17],
			"faces": {
				"north": {"uv": [0, 0, 1, 1], "texture": "#all"},
				"east": {"uv": [10, 9, 11, 10], "texture": "#all"},
				"south": {"uv": [7, 9, 11, 10], "texture": "#all"},
				"west": {"uv": [7, 9, 8, 10], "texture": "#all"},
				"up": {"uv": [7, 9, 11, 10], "texture": "#all"},
				"down": {"uv": [7, 9, 11, 10], "texture": "#all"}
			}
		},
		{
			"from": [11, 4, 16],
			"to": [13, 5, 17],
			"faces": {
				"north": {"uv": [0, 0, 1, 1], "texture": "#all"},
				"east": {"uv": [12, 11, 13, 12], "texture": "#all"},
				"south": {"uv": [11, 11, 13, 12], "texture": "#all"},
				"west": {"uv": [11, 11, 12, 12], "texture": "#all"},
				"up": {"uv": [11, 11, 13, 12], "texture": "#all"},
				"down": {"uv": [11, 11, 13, 12], "texture": "#all"}
			}
		},
		{
			"from": [8, 3, 16],
			"to": [14, 4, 17],
			"faces": {
				"north": {"uv": [0, 0, 1, 1], "texture": "#all"},
				"east": {"uv": [13, 12, 14, 13], "texture": "#all"},
				"south": {"uv": [8, 12, 14, 13], "texture": "#all"},
				"west": {"uv": [8, 12, 9, 13], "texture": "#all"},
				"up": {"uv": [8, 12, 14, 13], "texture": "#all"},
				"down": {"uv": [8, 12, 14, 13], "texture": "#all"}
			}
		},
		{
			"from": [9, 2, 16],
			"to": [11, 3, 17],
			"faces": {
				"north": {"uv": [0, 0, 1, 1], "texture": "#all"},
				"east": {"uv": [10, 13, 11, 14], "texture": "#all"},
				"south": {"uv": [9, 13, 11, 14], "texture": "#all"},
				"west": {"uv": [9, 13, 10, 14], "texture": "#all"},
				"up": {"uv": [9, 13, 11, 14], "texture": "#all"},
				"down": {"uv": [9, 13, 11, 14], "texture": "#all"}
			}
		},
		{
			"from": [-1, 13, 4],
			"to": [0, 14, 5],
			"faces": {
				"north": {"uv": [4, 2, 5, 3], "texture": "#all"},
				"east": {"uv": [0, 0, 1, 1], "texture": "#all"},
				"south": {"uv": [4, 2, 5, 3], "texture": "#all"},
				"west": {"uv": [4, 2, 5, 3], "texture": "#all"},
				"up": {"uv": [4, 2, 5, 3], "rotation": 90, "texture": "#all"},
				"down": {"uv": [4, 2, 5, 3], "rotation": 270, "texture": "#all"}
			}
		},
		{
			"from": [-1, 12, 7],
			"to": [0, 13, 9],
			"faces": {
				"north": {"uv": [7, 3, 8, 4], "texture": "#all"},
				"east": {"uv": [0, 0, 1, 1], "texture": "#all"},
				"south": {"uv": [8, 3, 9, 4], "texture": "#all"},
				"west": {"uv": [7, 3, 9, 4], "texture": "#all"},
				"up": {"uv": [7, 3, 9, 4], "rotation": 90, "texture": "#all"},
				"down": {"uv": [7, 3, 9, 4], "rotation": 270, "texture": "#all"}
			}
		},
		{
			"from": [-1, 13, 12],
			"to": [0, 14, 14],
			"faces": {
				"north": {"uv": [12, 2, 13, 3], "texture": "#all"},
				"east": {"uv": [0, 0, 1, 1], "texture": "#all"},
				"south": {"uv": [13, 2, 14, 3], "texture": "#all"},
				"west": {"uv": [12, 2, 14, 3], "texture": "#all"},
				"up": {"uv": [12, 2, 14, 3], "rotation": 90, "texture": "#all"},
				"down": {"uv": [12, 2, 14, 3], "rotation": 270, "texture": "#all"}
			}
		},
		{
			"from": [-1, 9, 10],
			"to": [0, 11, 12],
			"faces": {
				"north": {"uv": [10, 5, 11, 7], "texture": "#all"},
				"east": {"uv": [0, 0, 1, 1], "texture": "#all"},
				"south": {"uv": [11, 5, 12, 7], "texture": "#all"},
				"west": {"uv": [10, 5, 12, 7], "texture": "#all"},
				"up": {"uv": [10, 5, 12, 6], "rotation": 90, "texture": "#all"},
				"down": {"uv": [10, 6, 12, 7], "rotation": 270, "texture": "#all"}
			}
		},
		{
			"from": [-1, 2, 3],
			"to": [0, 3, 5],
			"faces": {
				"north": {"uv": [7, 3, 8, 4], "texture": "#all"},
				"east": {"uv": [0, 0, 1, 1], "texture": "#all"},
				"south": {"uv": [8, 3, 9, 4], "texture": "#all"},
				"west": {"uv": [7, 3, 9, 4], "texture": "#all"},
				"up": {"uv": [7, 3, 9, 4], "rotation": 90, "texture": "#all"},
				"down": {"uv": [7, 3, 9, 4], "rotation": 270, "texture": "#all"}
			}
		},
		{
			"from": [-1, 7, 1],
			"to": [0, 8, 3],
			"faces": {
				"north": {"uv": [12, 2, 13, 3], "texture": "#all"},
				"east": {"uv": [0, 0, 1, 1], "texture": "#all"},
				"south": {"uv": [13, 2, 14, 3], "texture": "#all"},
				"west": {"uv": [12, 2, 14, 3], "texture": "#all"},
				"up": {"uv": [12, 2, 14, 3], "rotation": 90, "texture": "#all"},
				"down": {"uv": [12, 2, 14, 3], "rotation": 270, "texture": "#all"}
			}
		},
		{
			"from": [-1, 5, 4],
			"to": [0, 6, 5],
			"faces": {
				"north": {"uv": [4, 10, 5, 11], "texture": "#all"},
				"east": {"uv": [0, 0, 1, 1], "texture": "#all"},
				"south": {"uv": [4, 10, 5, 11], "texture": "#all"},
				"west": {"uv": [4, 10, 5, 11], "texture": "#all"},
				"up": {"uv": [4, 10, 5, 11], "rotation": 90, "texture": "#all"},
				"down": {"uv": [4, 10, 5, 11], "rotation": 270, "texture": "#all"}
			}
		},
		{
			"from": [-1, 7, 8],
			"to": [0, 8, 10],
			"faces": {
				"north": {"uv": [7, 3, 8, 4], "texture": "#all"},
				"east": {"uv": [0, 0, 1, 1], "texture": "#all"},
				"south": {"uv": [8, 3, 9, 4], "texture": "#all"},
				"west": {"uv": [7, 3, 9, 4], "texture": "#all"},
				"up": {"uv": [7, 3, 9, 4], "rotation": 90, "texture": "#all"},
				"down": {"uv": [7, 3, 9, 4], "rotation": 270, "texture": "#all"}
			}
		},
		{
			"from": [-1, 10, 5],
			"to": [0, 11, 7],
			"faces": {
				"north": {"uv": [5, 5, 6, 6], "texture": "#all"},
				"east": {"uv": [0, 0, 1, 1], "texture": "#all"},
				"south": {"uv": [6, 5, 7, 6], "texture": "#all"},
				"west": {"uv": [5, 5, 7, 6], "texture": "#all"},
				"up": {"uv": [5, 5, 7, 6], "rotation": 90, "texture": "#all"},
				"down": {"uv": [5, 5, 7, 6], "rotation": 270, "texture": "#all"}
			}
		},
		{
			"from": [-1, 9, 3],
			"to": [0, 10, 8],
			"faces": {
				"north": {"uv": [3, 6, 4, 7], "texture": "#all"},
				"east": {"uv": [0, 0, 1, 1], "texture": "#all"},
				"south": {"uv": [7, 6, 8, 7], "texture": "#all"},
				"west": {"uv": [3, 6, 8, 7], "texture": "#all"},
				"up": {"uv": [3, 6, 8, 7], "rotation": 90, "texture": "#all"},
				"down": {"uv": [3, 6, 8, 7], "rotation": 270, "texture": "#all"}
			}
		},
		{
			"from": [-1, 6, 7],
			"to": [0, 7, 11],
			"faces": {
				"north": {"uv": [7, 9, 8, 10], "texture": "#all"},
				"east": {"uv": [0, 0, 1, 1], "texture": "#all"},
				"south": {"uv": [10, 9, 11, 10], "texture": "#all"},
				"west": {"uv": [7, 9, 11, 10], "texture": "#all"},
				"up": {"uv": [7, 9, 11, 10], "rotation": 90, "texture": "#all"},
				"down": {"uv": [7, 9, 11, 10], "rotation": 270, "texture": "#all"}
			}
		},
		{
			"from": [-1, 4, 11],
			"to": [0, 5, 13],
			"faces": {
				"north": {"uv": [11, 11, 12, 12], "texture": "#all"},
				"east": {"uv": [0, 0, 1, 1], "texture": "#all"},
				"south": {"uv": [12, 11, 13, 12], "texture": "#all"},
				"west": {"uv": [11, 11, 13, 12], "texture": "#all"},
				"up": {"uv": [11, 11, 13, 12], "rotation": 90, "texture": "#all"},
				"down": {"uv": [11, 11, 13, 12], "rotation": 270, "texture": "#all"}
			}
		},
		{
			"from": [-1, 3, 8],
			"to": [0, 4, 14],
			"faces": {
				"north": {"uv": [8, 12, 9, 13], "texture": "#all"},
				"east": {"uv": [0, 0, 1, 1], "texture": "#all"},
				"south": {"uv": [13, 12, 14, 13], "texture": "#all"},
				"west": {"uv": [8, 12, 14, 13], "texture": "#all"},
				"up": {"uv": [8, 12, 14, 13], "rotation": 90, "texture": "#all"},
				"down": {"uv": [8, 12, 14, 13], "rotation": 270, "texture": "#all"}
			}
		},
		{
			"from": [-1, 2, 9],
			"to": [0, 3, 11],
			"faces": {
				"north": {"uv": [9, 13, 10, 14], "texture": "#all"},
				"east": {"uv": [0, 0, 1, 1], "texture": "#all"},
				"south": {"uv": [10, 13, 11, 14], "texture": "#all"},
				"west": {"uv": [9, 13, 11, 14], "texture": "#all"},
				"up": {"uv": [9, 13, 11, 14], "rotation": 90, "texture": "#all"},
				"down": {"uv": [9, 13, 11, 14], "rotation": 270, "texture": "#all"}
			}
		},
		{
			"from": [11, 13, -1],
			"to": [12, 14, 0],
			"faces": {
				"north": {"uv": [4, 2, 5, 3], "texture": "#all"},
				"east": {"uv": [4, 2, 5, 3], "texture": "#all"},
				"south": {"uv": [0, 0, 1, 1], "texture": "#all"},
				"west": {"uv": [4, 2, 5, 3], "texture": "#all"},
				"up": {"uv": [4, 2, 5, 3], "rotation": 180, "texture": "#all"},
				"down": {"uv": [4, 2, 5, 3], "rotation": 180, "texture": "#all"}
			}
		},
		{
			"from": [7, 12, -1],
			"to": [9, 13, 0],
			"faces": {
				"north": {"uv": [7, 3, 9, 4], "texture": "#all"},
				"east": {"uv": [7, 3, 8, 4], "texture": "#all"},
				"south": {"uv": [0, 0, 1, 1], "texture": "#all"},
				"west": {"uv": [8, 3, 9, 4], "texture": "#all"},
				"up": {"uv": [7, 3, 9, 4], "rotation": 180, "texture": "#all"},
				"down": {"uv": [7, 3, 9, 4], "rotation": 180, "texture": "#all"}
			}
		},
		{
			"from": [2, 13, -1],
			"to": [4, 14, 0],
			"faces": {
				"north": {"uv": [12, 2, 14, 3], "texture": "#all"},
				"east": {"uv": [12, 2, 13, 3], "texture": "#all"},
				"south": {"uv": [0, 0, 1, 1], "texture": "#all"},
				"west": {"uv": [13, 2, 14, 3], "texture": "#all"},
				"up": {"uv": [12, 2, 14, 3], "rotation": 180, "texture": "#all"},
				"down": {"uv": [12, 2, 14, 3], "rotation": 180, "texture": "#all"}
			}
		},
		{
			"from": [4, 9, -1],
			"to": [6, 11, 0],
			"faces": {
				"north": {"uv": [10, 5, 12, 7], "texture": "#all"},
				"east": {"uv": [10, 5, 11, 7], "texture": "#all"},
				"south": {"uv": [0, 0, 1, 1], "texture": "#all"},
				"west": {"uv": [11, 5, 12, 7], "texture": "#all"},
				"up": {"uv": [10, 5, 12, 6], "rotation": 180, "texture": "#all"},
				"down": {"uv": [10, 6, 12, 7], "rotation": 180, "texture": "#all"}
			}
		},
		{
			"from": [11, 2, -1],
			"to": [13, 3, 0],
			"faces": {
				"north": {"uv": [7, 3, 9, 4], "texture": "#all"},
				"east": {"uv": [7, 3, 8, 4], "texture": "#all"},
				"south": {"uv": [0, 0, 1, 1], "texture": "#all"},
				"west": {"uv": [8, 3, 9, 4], "texture": "#all"},
				"up": {"uv": [7, 3, 9, 4], "rotation": 180, "texture": "#all"},
				"down": {"uv": [7, 3, 9, 4], "rotation": 180, "texture": "#all"}
			}
		},
		{
			"from": [13, 7, -1],
			"to": [15, 8, 0],
			"faces": {
				"north": {"uv": [12, 2, 14, 3], "texture": "#all"},
				"east": {"uv": [12, 2, 13, 3], "texture": "#all"},
				"south": {"uv": [0, 0, 1, 1], "texture": "#all"},
				"west": {"uv": [13, 2, 14, 3], "texture": "#all"},
				"up": {"uv": [12, 2, 14, 3], "rotation": 180, "texture": "#all"},
				"down": {"uv": [12, 2, 14, 3], "rotation": 180, "texture": "#all"}
			}
		},
		{
			"from": [11, 5, -1],
			"to": [12, 6, 0],
			"faces": {
				"north": {"uv": [4, 10, 5, 11], "texture": "#all"},
				"east": {"uv": [4, 10, 5, 11], "texture": "#all"},
				"south": {"uv": [0, 0, 1, 1], "texture": "#all"},
				"west": {"uv": [4, 10, 5, 11], "texture": "#all"},
				"up": {"uv": [4, 10, 5, 11], "rotation": 180, "texture": "#all"},
				"down": {"uv": [4, 10, 5, 11], "rotation": 180, "texture": "#all"}
			}
		},
		{
			"from": [6, 7, -1],
			"to": [8, 8, 0],
			"faces": {
				"north": {"uv": [7, 3, 9, 4], "texture": "#all"},
				"east": {"uv": [7, 3, 8, 4], "texture": "#all"},
				"south": {"uv": [0, 0, 1, 1], "texture": "#all"},
				"west": {"uv": [8, 3, 9, 4], "texture": "#all"},
				"up": {"uv": [7, 3, 9, 4], "rotation": 180, "texture": "#all"},
				"down": {"uv": [7, 3, 9, 4], "rotation": 180, "texture": "#all"}
			}
		},
		{
			"from": [9, 10, -1],
			"to": [11, 11, 0],
			"faces": {
				"north": {"uv": [5, 5, 7, 6], "texture": "#all"},
				"east": {"uv": [5, 5, 6, 6], "texture": "#all"},
				"south": {"uv": [0, 0, 1, 1], "texture": "#all"},
				"west": {"uv": [6, 5, 7, 6], "texture": "#all"},
				"up": {"uv": [5, 5, 7, 6], "rotation": 180, "texture": "#all"},
				"down": {"uv": [5, 5, 7, 6], "rotation": 180, "texture": "#all"}
			}
		},
		{
			"from": [8, 9, -1],
			"to": [13, 10, 0],
			"faces": {
				"north": {"uv": [3, 6, 8, 7], "texture": "#all"},
				"east": {"uv": [3, 6, 4, 7], "texture": "#all"},
				"south": {"uv": [0, 0, 1, 1], "texture": "#all"},
				"west": {"uv": [7, 6, 8, 7], "texture": "#all"},
				"up": {"uv": [3, 6, 8, 7], "rotation": 180, "texture": "#all"},
				"down": {"uv": [3, 6, 8, 7], "rotation": 180, "texture": "#all"}
			}
		},
		{
			"from": [5, 6, -1],
			"to": [9, 7, 0],
			"faces": {
				"north": {"uv": [7, 9, 11, 10], "texture": "#all"},
				"east": {"uv": [7, 9, 8, 10], "texture": "#all"},
				"south": {"uv": [0, 0, 1, 1], "texture": "#all"},
				"west": {"uv": [10, 9, 11, 10], "texture": "#all"},
				"up": {"uv": [7, 9, 11, 10], "rotation": 180, "texture": "#all"},
				"down": {"uv": [7, 9, 11, 10], "rotation": 180, "texture": "#all"}
			}
		},
		{
			"from": [3, 4, -1],
			"to": [5, 5, 0],
			"faces": {
				"north": {"uv": [11, 11, 13, 12], "texture": "#all"},
				"east": {"uv": [11, 11, 12, 12], "texture": "#all"},
				"south": {"uv": [0, 0, 1, 1], "texture": "#all"},
				"west": {"uv": [12, 11, 13, 12], "texture": "#all"},
				"up": {"uv": [11, 11, 13, 12], "rotation": 180, "texture": "#all"},
				"down": {"uv": [11, 11, 13, 12], "rotation": 180, "texture": "#all"}
			}
		},
		{
			"from": [2, 3, -1],
			"to": [8, 4, 0],
			"faces": {
				"north": {"uv": [8, 12, 14, 13], "texture": "#all"},
				"east": {"uv": [8, 12, 9, 13], "texture": "#all"},
				"south": {"uv": [0, 0, 1, 1], "texture": "#all"},
				"west": {"uv": [13, 12, 14, 13], "texture": "#all"},
				"up": {"uv": [8, 12, 14, 13], "rotation": 180, "texture": "#all"},
				"down": {"uv": [8, 12, 14, 13], "rotation": 180, "texture": "#all"}
			}
		},
		{
			"from": [5, 2, -1],
			"to": [7, 3, 0],
			"faces": {
				"north": {"uv": [9, 13, 11, 14], "texture": "#all"},
				"east": {"uv": [9, 13, 10, 14], "texture": "#all"},
				"south": {"uv": [0, 0, 1, 1], "texture": "#all"},
				"west": {"uv": [10, 13, 11, 14], "texture": "#all"},
				"up": {"uv": [9, 13, 11, 14], "rotation": 180, "texture": "#all"},
				"down": {"uv": [9, 13, 11, 14], "rotation": 180, "texture": "#all"}
			}
		},
		{
			"from": [16, 13, 11],
			"to": [17, 14, 12],
			"faces": {
				"north": {"uv": [4, 2, 5, 3], "texture": "#all"},
				"east": {"uv": [4, 2, 5, 3], "texture": "#all"},
				"south": {"uv": [4, 2, 5, 3], "texture": "#all"},
				"west": {"uv": [0, 0, 1, 1], "texture": "#all"},
				"up": {"uv": [4, 2, 5, 3], "rotation": 270, "texture": "#all"},
				"down": {"uv": [4, 2, 5, 3], "rotation": 90, "texture": "#all"}
			}
		},
		{
			"from": [16, 12, 7],
			"to": [17, 13, 9],
			"faces": {
				"north": {"uv": [8, 3, 9, 4], "texture": "#all"},
				"east": {"uv": [7, 3, 9, 4], "texture": "#all"},
				"south": {"uv": [7, 3, 8, 4], "texture": "#all"},
				"west": {"uv": [0, 0, 1, 1], "texture": "#all"},
				"up": {"uv": [7, 3, 9, 4], "rotation": 270, "texture": "#all"},
				"down": {"uv": [7, 3, 9, 4], "rotation": 90, "texture": "#all"}
			}
		},
		{
			"from": [16, 13, 2],
			"to": [17, 14, 4],
			"faces": {
				"north": {"uv": [13, 2, 14, 3], "texture": "#all"},
				"east": {"uv": [12, 2, 14, 3], "texture": "#all"},
				"south": {"uv": [12, 2, 13, 3], "texture": "#all"},
				"west": {"uv": [0, 0, 1, 1], "texture": "#all"},
				"up": {"uv": [12, 2, 14, 3], "rotation": 270, "texture": "#all"},
				"down": {"uv": [12, 2, 14, 3], "rotation": 90, "texture": "#all"}
			}
		},
		{
			"from": [16, 9, 4],
			"to": [17, 11, 6],
			"faces": {
				"north": {"uv": [11, 5, 12, 7], "texture": "#all"},
				"east": {"uv": [10, 5, 12, 7], "texture": "#all"},
				"south": {"uv": [10, 5, 11, 7], "texture": "#all"},
				"west": {"uv": [0, 0, 1, 1], "texture": "#all"},
				"up": {"uv": [10, 5, 12, 6], "rotation": 270, "texture": "#all"},
				"down": {"uv": [10, 6, 12, 7], "rotation": 90, "texture": "#all"}
			}
		},
		{
			"from": [16, 2, 11],
			"to": [17, 3, 13],
			"faces": {
				"north": {"uv": [8, 3, 9, 4], "texture": "#all"},
				"east": {"uv": [7, 3, 9, 4], "texture": "#all"},
				"south": {"uv": [7, 3, 8, 4], "texture": "#all"},
				"west": {"uv": [0, 0, 1, 1], "texture": "#all"},
				"up": {"uv": [7, 3, 9, 4], "rotation": 270, "texture": "#all"},
				"down": {"uv": [7, 3, 9, 4], "rotation": 90, "texture": "#all"}
			}
		},
		{
			"from": [16, 7, 13],
			"to": [17, 8, 15],
			"faces": {
				"north": {"uv": [13, 2, 14, 3], "texture": "#all"},
				"east": {"uv": [12, 2, 14, 3], "texture": "#all"},
				"south": {"uv": [12, 2, 13, 3], "texture": "#all"},
				"west": {"uv": [0, 0, 1, 1], "texture": "#all"},
				"up": {"uv": [12, 2, 14, 3], "rotation": 270, "texture": "#all"},
				"down": {"uv": [12, 2, 14, 3], "rotation": 90, "texture": "#all"}
			}
		},
		{
			"from": [16, 5, 11],
			"to": [17, 6, 12],
			"faces": {
				"north": {"uv": [4, 10, 5, 11], "texture": "#all"},
				"east": {"uv": [4, 10, 5, 11], "texture": "#all"},
				"south": {"uv": [4, 10, 5, 11], "texture": "#all"},
				"west": {"uv": [0, 0, 1, 1], "texture": "#all"},
				"up": {"uv": [4, 10, 5, 11], "rotation": 270, "texture": "#all"},
				"down": {"uv": [4, 10, 5, 11], "rotation": 90, "texture": "#all"}
			}
		},
		{
			"from": [16, 7, 6],
			"to": [17, 8, 8],
			"faces": {
				"north": {"uv": [8, 3, 9, 4], "texture": "#all"},
				"east": {"uv": [7, 3, 9, 4], "texture": "#all"},
				"south": {"uv": [7, 3, 8, 4], "texture": "#all"},
				"west": {"uv": [0, 0, 1, 1], "texture": "#all"},
				"up": {"uv": [7, 3, 9, 4], "rotation": 270, "texture": "#all"},
				"down": {"uv": [7, 3, 9, 4], "rotation": 90, "texture": "#all"}
			}
		},
		{
			"from": [16, 10, 9],
			"to": [17, 11, 11],
			"faces": {
				"north": {"uv": [6, 5, 7, 6], "texture": "#all"},
				"east": {"uv": [5, 5, 7, 6], "texture": "#all"},
				"south": {"uv": [5, 5, 6, 6], "texture": "#all"},
				"west": {"uv": [0, 0, 1, 1], "texture": "#all"},
				"up": {"uv": [5, 5, 7, 6], "rotation": 270, "texture": "#all"},
				"down": {"uv": [5, 5, 7, 6], "rotation": 90, "texture": "#all"}
			}
		},
		{
			"from": [16, 9, 8],
			"to": [17, 10, 13],
			"faces": {
				"north": {"uv": [7, 6, 8, 7], "texture": "#all"},
				"east": {"uv": [3, 6, 8, 7], "texture": "#all"},
				"south": {"uv": [3, 6, 4, 7], "texture": "#all"},
				"west": {"uv": [0, 0, 1, 1], "texture": "#all"},
				"up": {"uv": [3, 6, 8, 7], "rotation": 270, "texture": "#all"},
				"down": {"uv": [3, 6, 8, 7], "rotation": 90, "texture": "#all"}
			}
		},
		{
			"from": [16, 6, 5],
			"to": [17, 7, 9],
			"faces": {
				"north": {"uv": [10, 9, 11, 10], "texture": "#all"},
				"east": {"uv": [7, 9, 11, 10], "texture": "#all"},
				"south": {"uv": [7, 9, 8, 10], "texture": "#all"},
				"west": {"uv": [0, 0, 1, 1], "texture": "#all"},
				"up": {"uv": [7, 9, 11, 10], "rotation": 270, "texture": "#all"},
				"down": {"uv": [7, 9, 11, 10], "rotation": 90, "texture": "#all"}
			}
		},
		{
			"from": [16, 4, 3],
			"to": [17, 5, 5],
			"faces": {
				"north": {"uv": [12, 11, 13, 12], "texture": "#all"},
				"east": {"uv": [11, 11, 13, 12], "texture": "#all"},
				"south": {"uv": [11, 11, 12, 12], "texture": "#all"},
				"west": {"uv": [0, 0, 1, 1], "texture": "#all"},
				"up": {"uv": [11, 11, 13, 12], "rotation": 270, "texture": "#all"},
				"down": {"uv": [11, 11, 13, 12], "rotation": 90, "texture": "#all"}
			}
		},
		{
			"from": [16, 3, 2],
			"to": [17, 4, 8],
			"faces": {
				"north": {"uv": [13, 12, 14, 13], "texture": "#all"},
				"east": {"uv": [8, 12, 14, 13], "texture": "#all"},
				"south": {"uv": [8, 12, 9, 13], "texture": "#all"},
				"west": {"uv": [0, 0, 1, 1], "texture": "#all"},
				"up": {"uv": [8, 12, 14, 13], "rotation": 270, "texture": "#all"},
				"down": {"uv": [8, 12, 14, 13], "rotation": 90, "texture": "#all"}
			}
		},
		{
			"from": [16, 2, 5],
			"to": [17, 3, 7],
			"faces": {
				"north": {"uv": [10, 13, 11, 14], "texture": "#all"},
				"east": {"uv": [9, 13, 11, 14], "texture": "#all"},
				"south": {"uv": [9, 13, 10, 14], "texture": "#all"},
				"west": {"uv": [0, 0, 1, 1], "texture": "#all"},
				"up": {"uv": [9, 13, 11, 14], "rotation": 270, "texture": "#all"},
				"down": {"uv": [9, 13, 11, 14], "rotation": 90, "texture": "#all"}
			}
		},
		{
			"from": [4, 16, 2],
			"to": [5, 17, 3],
			"faces": {
				"north": {"uv": [4, 2, 5, 3], "rotation": 180, "texture": "#all"},
				"east": {"uv": [4, 2, 5, 3], "rotation": 90, "texture": "#all"},
				"south": {"uv": [4, 2, 5, 3], "texture": "#all"},
				"west": {"uv": [4, 2, 5, 3], "rotation": 270, "texture": "#all"},
				"up": {"uv": [4, 2, 5, 3], "texture": "#all"},
				"down": {"uv": [0, 0, 1, 1], "rotation": 180, "texture": "#all"}
			}
		},
		{
			"from": [7, 16, 3],
			"to": [9, 17, 4],
			"faces": {
				"north": {"uv": [7, 3, 9, 4], "rotation": 180, "texture": "#all"},
				"east": {"uv": [8, 3, 9, 4], "rotation": 90, "texture": "#all"},
				"south": {"uv": [7, 3, 9, 4], "texture": "#all"},
				"west": {"uv": [7, 3, 8, 4], "rotation": 270, "texture": "#all"},
				"up": {"uv": [7, 3, 9, 4], "texture": "#all"},
				"down": {"uv": [0, 0, 1, 1], "rotation": 180, "texture": "#all"}
			}
		},
		{
			"from": [12, 16, 2],
			"to": [14, 17, 3],
			"faces": {
				"north": {"uv": [12, 2, 14, 3], "rotation": 180, "texture": "#all"},
				"east": {"uv": [13, 2, 14, 3], "rotation": 90, "texture": "#all"},
				"south": {"uv": [12, 2, 14, 3], "texture": "#all"},
				"west": {"uv": [12, 2, 13, 3], "rotation": 270, "texture": "#all"},
				"up": {"uv": [12, 2, 14, 3], "texture": "#all"},
				"down": {"uv": [0, 0, 1, 1], "rotation": 180, "texture": "#all"}
			}
		},
		{
			"from": [10, 16, 5],
			"to": [12, 17, 7],
			"faces": {
				"north": {"uv": [10, 5, 12, 6], "rotation": 180, "texture": "#all"},
				"east": {"uv": [11, 5, 12, 7], "rotation": 90, "texture": "#all"},
				"south": {"uv": [10, 6, 12, 7], "texture": "#all"},
				"west": {"uv": [10, 5, 11, 7], "rotation": 270, "texture": "#all"},
				"up": {"uv": [10, 5, 12, 7], "texture": "#all"},
				"down": {"uv": [0, 0, 1, 1], "rotation": 180, "texture": "#all"}
			}
		},
		{
			"from": [3, 16, 13],
			"to": [5, 17, 14],
			"faces": {
				"north": {"uv": [7, 3, 9, 4], "rotation": 180, "texture": "#all"},
				"east": {"uv": [8, 3, 9, 4], "rotation": 90, "texture": "#all"},
				"south": {"uv": [7, 3, 9, 4], "texture": "#all"},
				"west": {"uv": [7, 3, 8, 4], "rotation": 270, "texture": "#all"},
				"up": {"uv": [7, 3, 9, 4], "texture": "#all"},
				"down": {"uv": [0, 0, 1, 1], "rotation": 180, "texture": "#all"}
			}
		},
		{
			"from": [1, 16, 8],
			"to": [3, 17, 9],
			"faces": {
				"north": {"uv": [12, 2, 14, 3], "rotation": 180, "texture": "#all"},
				"east": {"uv": [13, 2, 14, 3], "rotation": 90, "texture": "#all"},
				"south": {"uv": [12, 2, 14, 3], "texture": "#all"},
				"west": {"uv": [12, 2, 13, 3], "rotation": 270, "texture": "#all"},
				"up": {"uv": [12, 2, 14, 3], "texture": "#all"},
				"down": {"uv": [0, 0, 1, 1], "rotation": 180, "texture": "#all"}
			}
		},
		{
			"from": [4, 16, 10],
			"to": [5, 17, 11],
			"faces": {
				"north": {"uv": [4, 10, 5, 11], "rotation": 180, "texture": "#all"},
				"east": {"uv": [4, 10, 5, 11], "rotation": 90, "texture": "#all"},
				"south": {"uv": [4, 10, 5, 11], "texture": "#all"},
				"west": {"uv": [4, 10, 5, 11], "rotation": 270, "texture": "#all"},
				"up": {"uv": [4, 10, 5, 11], "texture": "#all"},
				"down": {"uv": [0, 0, 1, 1], "rotation": 180, "texture": "#all"}
			}
		},
		{
			"from": [8, 16, 8],
			"to": [10, 17, 9],
			"faces": {
				"north": {"uv": [7, 3, 9, 4], "rotation": 180, "texture": "#all"},
				"east": {"uv": [8, 3, 9, 4], "rotation": 90, "texture": "#all"},
				"south": {"uv": [7, 3, 9, 4], "texture": "#all"},
				"west": {"uv": [7, 3, 8, 4], "rotation": 270, "texture": "#all"},
				"up": {"uv": [7, 3, 9, 4], "texture": "#all"},
				"down": {"uv": [0, 0, 1, 1], "rotation": 180, "texture": "#all"}
			}
		},
		{
			"from": [5, 16, 5],
			"to": [7, 17, 6],
			"faces": {
				"north": {"uv": [5, 5, 7, 6], "rotation": 180, "texture": "#all"},
				"east": {"uv": [6, 5, 7, 6], "rotation": 90, "texture": "#all"},
				"south": {"uv": [5, 5, 7, 6], "texture": "#all"},
				"west": {"uv": [5, 5, 6, 6], "rotation": 270, "texture": "#all"},
				"up": {"uv": [5, 5, 7, 6], "texture": "#all"},
				"down": {"uv": [0, 0, 1, 1], "rotation": 180, "texture": "#all"}
			}
		},
		{
			"from": [3, 16, 6],
			"to": [8, 17, 7],
			"faces": {
				"north": {"uv": [3, 6, 8, 7], "rotation": 180, "texture": "#all"},
				"east": {"uv": [7, 6, 8, 7], "rotation": 90, "texture": "#all"},
				"south": {"uv": [3, 6, 8, 7], "texture": "#all"},
				"west": {"uv": [3, 6, 4, 7], "rotation": 270, "texture": "#all"},
				"up": {"uv": [3, 6, 8, 7], "texture": "#all"},
				"down": {"uv": [0, 0, 1, 1], "rotation": 180, "texture": "#all"}
			}
		},
		{
			"from": [7, 16, 9],
			"to": [11, 17, 10],
			"faces": {
				"north": {"uv": [7, 9, 11, 10], "rotation": 180, "texture": "#all"},
				"east": {"uv": [10, 9, 11, 10], "rotation": 90, "texture": "#all"},
				"south": {"uv": [7, 9, 11, 10], "texture": "#all"},
				"west": {"uv": [7, 9, 8, 10], "rotation": 270, "texture": "#all"},
				"up": {"uv": [7, 9, 11, 10], "texture": "#all"},
				"down": {"uv": [0, 0, 1, 1], "rotation": 180, "texture": "#all"}
			}
		},
		{
			"from": [11, 16, 11],
			"to": [13, 17, 12],
			"faces": {
				"north": {"uv": [11, 11, 13, 12], "rotation": 180, "texture": "#all"},
				"east": {"uv": [12, 11, 13, 12], "rotation": 90, "texture": "#all"},
				"south": {"uv": [11, 11, 13, 12], "texture": "#all"},
				"west": {"uv": [11, 11, 12, 12], "rotation": 270, "texture": "#all"},
				"up": {"uv": [11, 11, 13, 12], "texture": "#all"},
				"down": {"uv": [0, 0, 1, 1], "rotation": 180, "texture": "#all"}
			}
		},
		{
			"from": [8, 16, 12],
			"to": [14, 17, 13],
			"faces": {
				"north": {"uv": [8, 12, 14, 13], "rotation": 180, "texture": "#all"},
				"east": {"uv": [13, 12, 14, 13], "rotation": 90, "texture": "#all"},
				"south": {"uv": [8, 12, 14, 13], "texture": "#all"},
				"west": {"uv": [8, 12, 9, 13], "rotation": 270, "texture": "#all"},
				"up": {"uv": [8, 12, 14, 13], "texture": "#all"},
				"down": {"uv": [0, 0, 1, 1], "rotation": 180, "texture": "#all"}
			}
		},
		{
			"from": [9, 16, 13],
			"to": [11, 17, 14],
			"faces": {
				"north": {"uv": [9, 13, 11, 14], "rotation": 180, "texture": "#all"},
				"east": {"uv": [10, 13, 11, 14], "rotation": 90, "texture": "#all"},
				"south": {"uv": [9, 13, 11, 14], "texture": "#all"},
				"west": {"uv": [9, 13, 10, 14], "rotation": 270, "texture": "#all"},
				"up": {"uv": [9, 13, 11, 14], "texture": "#all"},
				"down": {"uv": [0, 0, 1, 1], "rotation": 180, "texture": "#all"}
			}
		},
		{
			"from": [4, -1, 13],
			"to": [5, 0, 14],
			"faces": {
				"north": {"uv": [4, 2, 5, 3], "rotation": 180, "texture": "#all"},
				"east": {"uv": [4, 2, 5, 3], "rotation": 270, "texture": "#all"},
				"south": {"uv": [4, 2, 5, 3], "texture": "#all"},
				"west": {"uv": [4, 2, 5, 3], "rotation": 90, "texture": "#all"},
				"up": {"uv": [0, 0, 1, 1], "rotation": 180, "texture": "#all"},
				"down": {"uv": [4, 2, 5, 3], "texture": "#all"}
			}
		},
		{
			"from": [7, -1, 12],
			"to": [9, 0, 13],
			"faces": {
				"north": {"uv": [7, 3, 9, 4], "rotation": 180, "texture": "#all"},
				"east": {"uv": [8, 3, 9, 4], "rotation": 270, "texture": "#all"},
				"south": {"uv": [7, 3, 9, 4], "texture": "#all"},
				"west": {"uv": [7, 3, 8, 4], "rotation": 90, "texture": "#all"},
				"up": {"uv": [0, 0, 1, 1], "rotation": 180, "texture": "#all"},
				"down": {"uv": [7, 3, 9, 4], "texture": "#all"}
			}
		},
		{
			"from": [12, -1, 13],
			"to": [14, 0, 14],
			"faces": {
				"north": {"uv": [12, 2, 14, 3], "rotation": 180, "texture": "#all"},
				"east": {"uv": [13, 2, 14, 3], "rotation": 270, "texture": "#all"},
				"south": {"uv": [12, 2, 14, 3], "texture": "#all"},
				"west": {"uv": [12, 2, 13, 3], "rotation": 90, "texture": "#all"},
				"up": {"uv": [0, 0, 1, 1], "rotation": 180, "texture": "#all"},
				"down": {"uv": [12, 2, 14, 3], "texture": "#all"}
			}
		},
		{
			"from": [10, -1, 9],
			"to": [12, 0, 11],
			"faces": {
				"north": {"uv": [10, 6, 12, 7], "rotation": 180, "texture": "#all"},
				"east": {"uv": [11, 5, 12, 7], "rotation": 270, "texture": "#all"},
				"south": {"uv": [10, 5, 12, 6], "texture": "#all"},
				"west": {"uv": [10, 5, 11, 7], "rotation": 90, "texture": "#all"},
				"up": {"uv": [0, 0, 1, 1], "rotation": 180, "texture": "#all"},
				"down": {"uv": [10, 5, 12, 7], "texture": "#all"}
			}
		},
		{
			"from": [3, -1, 2],
			"to": [5, 0, 3],
			"faces": {
				"north": {"uv": [7, 3, 9, 4], "rotation": 180, "texture": "#all"},
				"east": {"uv": [8, 3, 9, 4], "rotation": 270, "texture": "#all"},
				"south": {"uv": [7, 3, 9, 4], "texture": "#all"},
				"west": {"uv": [7, 3, 8, 4], "rotation": 90, "texture": "#all"},
				"up": {"uv": [0, 0, 1, 1], "rotation": 180, "texture": "#all"},
				"down": {"uv": [7, 3, 9, 4], "texture": "#all"}
			}
		},
		{
			"from": [1, -1, 7],
			"to": [3, 0, 8],
			"faces": {
				"north": {"uv": [12, 2, 14, 3], "rotation": 180, "texture": "#all"},
				"east": {"uv": [13, 2, 14, 3], "rotation": 270, "texture": "#all"},
				"south": {"uv": [12, 2, 14, 3], "texture": "#all"},
				"west": {"uv": [12, 2, 13, 3], "rotation": 90, "texture": "#all"},
				"up": {"uv": [0, 0, 1, 1], "rotation": 180, "texture": "#all"},
				"down": {"uv": [12, 2, 14, 3], "texture": "#all"}
			}
		},
		{
			"from": [4, -1, 5],
			"to": [5, 0, 6],
			"faces": {
				"north": {"uv": [4, 10, 5, 11], "rotation": 180, "texture": "#all"},
				"east": {"uv": [4, 10, 5, 11], "rotation": 270, "texture": "#all"},
				"south": {"uv": [4, 10, 5, 11], "texture": "#all"},
				"west": {"uv": [4, 10, 5, 11], "rotation": 90, "texture": "#all"},
				"up": {"uv": [0, 0, 1, 1], "rotation": 180, "texture": "#all"},
				"down": {"uv": [4, 10, 5, 11], "texture": "#all"}
			}
		},
		{
			"from": [8, -1, 7],
			"to": [10, 0, 8],
			"faces": {
				"north": {"uv": [7, 3, 9, 4], "rotation": 180, "texture": "#all"},
				"east": {"uv": [8, 3, 9, 4], "rotation": 270, "texture": "#all"},
				"south": {"uv": [7, 3, 9, 4], "texture": "#all"},
				"west": {"uv": [7, 3, 8, 4], "rotation": 90, "texture": "#all"},
				"up": {"uv": [0, 0, 1, 1], "rotation": 180, "texture": "#all"},
				"down": {"uv": [7, 3, 9, 4], "texture": "#all"}
			}
		},
		{
			"from": [5, -1, 10],
			"to": [7, 0, 11],
			"faces": {
				"north": {"uv": [5, 5, 7, 6], "rotation": 180, "texture": "#all"},
				"east": {"uv": [6, 5, 7, 6], "rotation": 270, "texture": "#all"},
				"south": {"uv": [5, 5, 7, 6], "texture": "#all"},
				"west": {"uv": [5, 5, 6, 6], "rotation": 90, "texture": "#all"},
				"up": {"uv": [0, 0, 1, 1], "rotation": 180, "texture": "#all"},
				"down": {"uv": [5, 5, 7, 6], "texture": "#all"}
			}
		},
		{
			"from": [3, -1, 9],
			"to": [8, 0, 10],
			"faces": {
				"north": {"uv": [3, 6, 8, 7], "rotation": 180, "texture": "#all"},
				"east": {"uv": [7, 6, 8, 7], "rotation": 270, "texture": "#all"},
				"south": {"uv": [3, 6, 8, 7], "texture": "#all"},
				"west": {"uv": [3, 6, 4, 7], "rotation": 90, "texture": "#all"},
				"up": {"uv": [0, 0, 1, 1], "rotation": 180, "texture": "#all"},
				"down": {"uv": [3, 6, 8, 7], "texture": "#all"}
			}
		},
		{
			"from": [7, -1, 6],
			"to": [11, 0, 7],
			"faces": {
				"north": {"uv": [7, 9, 11, 10], "rotation": 180, "texture": "#all"},
				"east": {"uv": [10, 9, 11, 10], "rotation": 270, "texture": "#all"},
				"south": {"uv": [7, 9, 11, 10], "texture": "#all"},
				"west": {"uv": [7, 9, 8, 10], "rotation": 90, "texture": "#all"},
				"up": {"uv": [0, 0, 1, 1], "rotation": 180, "texture": "#all"},
				"down": {"uv": [7, 9, 11, 10], "texture": "#all"}
			}
		},
		{
			"from": [11, -1, 4],
			"to": [13, 0, 5],
			"faces": {
				"north": {"uv": [11, 11, 13, 12], "rotation": 180, "texture": "#all"},
				"east": {"uv": [12, 11, 13, 12], "rotation": 270, "texture": "#all"},
				"south": {"uv": [11, 11, 13, 12], "texture": "#all"},
				"west": {"uv": [11, 11, 12, 12], "rotation": 90, "texture": "#all"},
				"up": {"uv": [0, 0, 1, 1], "rotation": 180, "texture": "#all"},
				"down": {"uv": [11, 11, 13, 12], "texture": "#all"}
			}
		},
		{
			"from": [8, -1, 3],
			"to": [14, 0, 4],
			"faces": {
				"north": {"uv": [8, 12, 14, 13], "rotation": 180, "texture": "#all"},
				"east": {"uv": [13, 12, 14, 13], "rotation": 270, "texture": "#all"},
				"south": {"uv": [8, 12, 14, 13], "texture": "#all"},
				"west": {"uv": [8, 12, 9, 13], "rotation": 90, "texture": "#all"},
				"up": {"uv": [0, 0, 1, 1], "rotation": 180, "texture": "#all"},
				"down": {"uv": [8, 12, 14, 13], "texture": "#all"}
			}
		},
		{
			"from": [9, -1, 2],
			"to": [11, 0, 3],
			"faces": {
				"north": {"uv": [9, 13, 11, 14], "rotation": 180, "texture": "#all"},
				"east": {"uv": [10, 13, 11, 14], "rotation": 270, "texture": "#all"},
				"south": {"uv": [9, 13, 11, 14], "texture": "#all"},
				"west": {"uv": [9, 13, 10, 14], "rotation": 90, "texture": "#all"},
				"up": {"uv": [0, 0, 1, 1], "rotation": 180, "texture": "#all"},
				"down": {"uv": [9, 13, 11, 14], "texture": "#all"}
			}
		}
	],
	"groups": [0,
		{
			"name": "ore",
			"origin": [8, 8, 8],
			"children": [1, 2, 3, 4, 5, 6, 7, 8, 9, 10, 11, 12, 13, 14]
		},
		{
			"name": "ore",
			"origin": [8, 8, 8],
			"children": [15, 16, 17, 18, 19, 20, 21, 22, 23, 24, 25, 26, 27, 28]
		},
		{
			"name": "ore",
			"origin": [8, 8, 8],
			"children": [29, 30, 31, 32, 33, 34, 35, 36, 37, 38, 39, 40, 41, 42]
		},
		{
			"name": "ore",
			"origin": [8, 8, 8],
			"children": [43, 44, 45, 46, 47, 48, 49, 50, 51, 52, 53, 54, 55, 56]
		},
		{
			"name": "ore",
			"origin": [8, 8, 8],
			"children": [57, 58, 59, 60, 61, 62, 63, 64, 65, 66, 67, 68, 69, 70]
		},
		{
			"name": "ore",
			"origin": [8, 8, 8],
			"children": [71, 72, 73, 74, 75, 76, 77, 78, 79, 80, 81, 82, 83, 84]
		}
	]
}