{
	"credit": "Made with Blockbench",
	"parent": "block/cube",
	"textures": {
		"down": "block/oak_planks",
		"up": "block/crafting_table_top",
		"north": "block/crafting_table_front",
		"east": "block/crafting_table_side",
		"west": "block/crafting_table_front",
		"particle": "block/crafting_table_front"
	},
	"elements": [
		{
			"from": [0, 0, 0],
			"to": [16, 15, 16],
			"faces": {
				"north": {"uv": [0, 1, 16, 16], "texture": "#east"},
				"east": {"uv": [0, 1, 16, 16], "texture": "#east"},
				"south": {"uv": [0, 1, 16, 16], "texture": "#north"},
				"west": {"uv": [0, 1, 16, 16], "texture": "#north"},
				"up": {"uv": [0, 0, 16, 16], "texture": "#up"},
				"down": {"uv": [0, 0, 16, 16], "texture": "#down"}
			}
		},
		{
			"from": [0, 15, 0],
			"to": [3, 16, 16],
			"faces": {
				"north": {"uv": [13, 0, 16, 1], "texture": "#east"},
				"east": {"uv": [3, 2, 13, 3], "texture": "#up"},
				"south": {"uv": [0, 0, 3, 1], "texture": "#west"},
				"west": {"uv": [0, 0, 16, 1], "texture": "#east"},
				"up": {"uv": [0, 0, 3, 16], "texture": "#up"},
				"down": {"uv": [0, 0, 3, 16], "texture": "#missing"}
			}
		},
		{
			"from": [13, 15, 0],
			"to": [16, 16, 16],
			"faces": {
				"north": {"uv": [0, 0, 3, 1], "texture": "#east"},
				"east": {"uv": [0, 0, 16, 1], "texture": "#east"},
				"south": {"uv": [13, 0, 16, 1], "texture": "#west"},
				"west": {"uv": [3, 2, 13, 3], "texture": "#up"},
				"up": {"uv": [13, 0, 16, 16], "texture": "#up"},
				"down": {"uv": [0, 0, 3, 16], "texture": "#missing"}
			}
		},
		{
			"from": [3, 15, 0],
			"to": [13, 16, 3],
			"faces": {
				"north": {"uv": [3, 0, 13, 1], "texture": "#east"},
				"east": {"uv": [0, 0, 16, 1], "texture": "#east"},
				"south": {"uv": [3, 2, 13, 3], "texture": "#up"},
				"west": {"uv": [0, 0, 16, 1], "texture": "#east"},
				"up": {"uv": [3, 0, 13, 3], "texture": "#up"},
				"down": {"uv": [0, 0, 3, 16], "texture": "#missing"}
			}
		},
		{
			"from": [3, 15, 13],
			"to": [13, 16, 16],
			"faces": {
				"north": {"uv": [3, 2, 13, 3], "texture": "#up"},
				"east": {"uv": [0, 0, 16, 1], "texture": "#east"},
				"south": {"uv": [3, 0, 13, 1], "texture": "#west"},
				"west": {"uv": [0, 0, 16, 1], "texture": "#east"},
				"up": {"uv": [3, 13, 13, 16], "texture": "#up"},
				"down": {"uv": [0, 0, 3, 16], "texture": "#missing"}
			}
		},
		{
			"from": [4, 15, 4],
			"to": [6, 16, 6],
			"faces": {
				"north": {"uv": [7, 10, 9, 11], "texture": "#up"},
				"east": {"uv": [10, 7, 12, 8], "texture": "#up"},
				"south": {"uv": [10, 7, 12, 8], "texture": "#up"},
				"west": {"uv": [4, 4, 6, 5], "texture": "#up"},
				"up": {"uv": [4, 4, 6, 6], "texture": "#up"},
				"down": {"uv": [0, 0, 2, 2], "texture": "#missing"}
			}
		},
		{
			"from": [10, 15, 10],
			"to": [12, 16, 12],
			"faces": {
				"north": {"uv": [7, 7, 9, 8], "texture": "#up"},
				"east": {"uv": [10, 7, 12, 8], "texture": "#up"},
				"south": {"uv": [4, 4, 6, 5], "texture": "#up"},
				"west": {"uv": [7, 10, 9, 11], "texture": "#up"},
				"up": {"uv": [7, 4, 9, 6], "texture": "#up"},
				"down": {"uv": [0, 0, 2, 2], "texture": "#missing"}
			}
		},
		{
			"from": [7, 15, 10],
			"to": [9, 16, 12],
			"faces": {
				"north": {"uv": [7, 10, 9, 11], "texture": "#up"},
				"east": {"uv": [7, 7, 9, 8], "texture": "#up"},
				"south": {"uv": [10, 7, 12, 8], "texture": "#up"},
				"west": {"uv": [4, 4, 6, 5], "texture": "#up"},
				"up": {"uv": [7, 4, 9, 6], "rotation": 90, "texture": "#up"},
				"down": {"uv": [0, 0, 2, 2], "rotation": 270, "texture": "#missing"}
			}
		},
		{
			"from": [7, 15, 4],
			"to": [9, 16, 6],
			"faces": {
				"north": {"uv": [7, 7, 9, 8], "texture": "#up"},
				"east": {"uv": [10, 7, 12, 8], "texture": "#up"},
				"south": {"uv": [4, 4, 6, 5], "texture": "#up"},
				"west": {"uv": [7, 10, 9, 11], "texture": "#up"},
				"up": {"uv": [7, 4, 9, 6], "texture": "#up"},
				"down": {"uv": [0, 0, 2, 2], "texture": "#missing"}
			}
		},
		{
			"from": [10, 15, 7],
			"to": [12, 16, 9],
			"faces": {
				"north": {"uv": [7, 7, 9, 8], "texture": "#up"},
				"east": {"uv": [7, 7, 9, 8], "texture": "#up"},
				"south": {"uv": [7, 7, 9, 8], "texture": "#up"},
				"west": {"uv": [7, 7, 9, 8], "texture": "#up"},
				"up": {"uv": [7, 7, 9, 9], "texture": "#up"},
				"down": {"uv": [0, 0, 2, 2], "texture": "#missing"}
			}
		},
		{
			"from": [7, 15, 7],
			"to": [9, 16, 9],
			"faces": {
				"north": {"uv": [7, 7, 9, 8], "texture": "#up"},
				"east": {"uv": [7, 7, 9, 8], "texture": "#up"},
				"south": {"uv": [7, 7, 9, 8], "texture": "#up"},
				"west": {"uv": [7, 7, 9, 8], "texture": "#up"},
				"up": {"uv": [7, 7, 9, 9], "texture": "#up"},
				"down": {"uv": [0, 0, 2, 2], "texture": "#missing"}
			}
		},
		{
			"from": [4, 15, 7],
			"to": [6, 16, 9],
			"faces": {
				"north": {"uv": [7, 7, 9, 8], "texture": "#up"},
				"east": {"uv": [7, 7, 9, 8], "texture": "#up"},
				"south": {"uv": [7, 7, 9, 8], "texture": "#up"},
				"west": {"uv": [7, 7, 9, 8], "texture": "#up"},
				"up": {"uv": [7, 7, 9, 9], "texture": "#up"},
				"down": {"uv": [0, 0, 2, 2], "texture": "#missing"}
			}
		},
		{
			"from": [10, 15, 4],
			"to": [12, 16, 6],
			"faces": {
				"north": {"uv": [7, 7, 9, 8], "texture": "#up"},
				"east": {"uv": [10, 7, 12, 8], "texture": "#up"},
				"south": {"uv": [4, 4, 6, 5], "texture": "#up"},
				"west": {"uv": [7, 10, 9, 11], "texture": "#up"},
				"up": {"uv": [7, 4, 9, 6], "texture": "#up"},
				"down": {"uv": [0, 0, 2, 2], "texture": "#missing"}
			}
		},
		{
			"from": [4, 15, 10],
			"to": [6, 16, 12],
			"faces": {
				"north": {"uv": [7, 10, 9, 11], "texture": "#up"},
				"east": {"uv": [7, 10, 9, 11], "texture": "#up"},
				"south": {"uv": [4, 4, 6, 5], "texture": "#up"},
				"west": {"uv": [4, 10, 5, 12], "texture": "#up"},
				"up": {"uv": [4, 10, 6, 12], "texture": "#up"},
				"down": {"uv": [0, 0, 2, 2], "texture": "#missing"}
			}
		},
		{
			"from": [-1, 5, 2],
			"to": [0, 7, 5],
			"faces": {
				"north": {"uv": [2, 9, 3, 11], "texture": "#north"},
				"east": {"uv": [0, 0, 3, 2], "texture": "#missing"},
				"south": {"uv": [4, 9, 5, 11], "texture": "#north"},
				"west": {"uv": [2, 9, 5, 11], "texture": "#north"},
				"up": {"uv": [2, 9, 5, 10], "texture": "#west"},
				"down": {"uv": [11, 6, 12, 9], "texture": "#north"}
			}
		},
		{
			"from": [2, 5, 16],
			"to": [5, 7, 17],
			"faces": {
				"north": {"uv": [0, 0, 3, 2], "texture": "#missing"},
				"east": {"uv": [4, 9, 5, 11], "texture": "#north"},
				"south": {"uv": [2, 9, 5, 11], "texture": "#north"},
				"west": {"uv": [2, 9, 3, 11], "texture": "#north"},
				"up": {"uv": [2, 9, 5, 10], "rotation": 270, "texture": "#west"},
				"down": {"uv": [11, 6, 12, 9], "rotation": 90, "texture": "#north"}
			}
		},
		{
			"from": [-1, 7, 3],
			"to": [0, 11, 4],
			"faces": {
				"north": {"uv": [3, 5, 4, 9], "texture": "#north"},
				"east": {"uv": [0, 0, 3, 2], "texture": "#north"},
				"south": {"uv": [3, 5, 4, 9], "texture": "#north"},
				"west": {"uv": [3, 5, 4, 9], "texture": "#north"},
				"up": {"uv": [3, 5, 4, 6], "texture": "#north"},
				"down": {"uv": [0, 0, 1, 3], "texture": "#missing"}
			}
		},
		{
			"from": [3, 7, 16],
			"to": [4, 11, 17],
			"faces": {
				"north": {"uv": [0, 0, 3, 2], "texture": "#north"},
				"east": {"uv": [3, 5, 4, 9], "texture": "#north"},
				"south": {"uv": [3, 5, 4, 9], "texture": "#north"},
				"west": {"uv": [3, 5, 4, 9], "texture": "#north"},
				"up": {"uv": [3, 5, 4, 6], "rotation": 270, "texture": "#north"},
				"down": {"uv": [0, 0, 1, 3], "rotation": 90, "texture": "#missing"}
			}
		},
		{
			"from": [-1, 10, 11],
			"to": [0, 13, 12],
			"faces": {
				"north": {"uv": [11, 3, 12, 6], "texture": "#north"},
				"east": {"uv": [0, 0, 3, 2], "texture": "#north"},
				"south": {"uv": [3, 5, 4, 9], "texture": "#north"},
				"west": {"uv": [11, 3, 12, 6], "texture": "#north"},
				"up": {"uv": [3, 5, 4, 6], "texture": "#north"},
				"down": {"uv": [11, 5, 12, 6], "texture": "#north"}
			}
		},
		{
			"from": [11, 10, 16],
			"to": [12, 13, 17],
			"faces": {
				"north": {"uv": [0, 0, 3, 2], "texture": "#north"},
				"east": {"uv": [3, 5, 4, 9], "texture": "#north"},
				"south": {"uv": [11, 3, 12, 6], "texture": "#north"},
				"west": {"uv": [11, 3, 12, 6], "texture": "#north"},
				"up": {"uv": [3, 5, 4, 6], "rotation": 270, "texture": "#north"},
				"down": {"uv": [11, 5, 12, 6], "rotation": 90, "texture": "#north"}
			}
		},
		{
			"from": [-1, 10, 13],
			"to": [0, 13, 14],
			"faces": {
				"north": {"uv": [3, 5, 4, 9], "texture": "#north"},
				"east": {"uv": [0, 0, 3, 2], "texture": "#north"},
				"south": {"uv": [13, 3, 14, 6], "texture": "#north"},
				"west": {"uv": [11, 3, 12, 6], "texture": "#north"},
				"up": {"uv": [3, 5, 4, 6], "texture": "#north"},
				"down": {"uv": [11, 5, 12, 6], "texture": "#north"}
			}
		},
		{
			"from": [13, 10, 16],
			"to": [14, 13, 17],
			"faces": {
				"north": {"uv": [0, 0, 3, 2], "texture": "#north"},
				"east": {"uv": [13, 3, 14, 6], "texture": "#north"},
				"south": {"uv": [11, 3, 12, 6], "texture": "#north"},
				"west": {"uv": [3, 5, 4, 9], "texture": "#north"},
				"up": {"uv": [3, 5, 4, 6], "rotation": 270, "texture": "#north"},
				"down": {"uv": [11, 5, 12, 6], "rotation": 90, "texture": "#north"}
			}
		},
		{
			"from": [-1, 7, 11],
			"to": [0, 10, 14],
			"faces": {
				"north": {"uv": [11, 6, 12, 9], "texture": "#north"},
				"east": {"uv": [0, 0, 3, 2], "texture": "#north"},
				"south": {"uv": [12, 6, 13, 9], "texture": "#north"},
				"west": {"uv": [11, 6, 14, 9], "texture": "#north"},
				"up": {"uv": [3, 5, 4, 6], "texture": "#north"},
				"down": {"uv": [13, 6, 14, 9], "texture": "#north"}
			}
		},
		{
			"from": [11, 7, 16],
			"to": [14, 10, 17],
			"faces": {
				"north": {"uv": [0, 0, 3, 2], "texture": "#north"},
				"east": {"uv": [12, 6, 13, 9], "texture": "#north"},
				"south": {"uv": [11, 6, 14, 9], "texture": "#north"},
				"west": {"uv": [11, 6, 12, 9], "texture": "#north"},
				"up": {"uv": [3, 5, 4, 6], "rotation": 270, "texture": "#north"},
				"down": {"uv": [13, 6, 14, 9], "rotation": 90, "texture": "#north"}
			}
		},
		{
			"from": [-1, 5, 12],
			"to": [0, 7, 14],
			"faces": {
				"north": {"uv": [12, 9, 13, 11], "texture": "#north"},
				"east": {"uv": [0, 0, 3, 2], "texture": "#north"},
				"south": {"uv": [13, 8, 14, 11], "texture": "#north"},
				"west": {"uv": [12, 9, 14, 11], "texture": "#north"},
				"up": {"uv": [3, 5, 4, 6], "texture": "#north"},
				"down": {"uv": [13, 6, 14, 9], "texture": "#north"}
			}
		},
		{
			"from": [12, 5, 16],
			"to": [14, 7, 17],
			"faces": {
				"north": {"uv": [0, 0, 3, 2], "texture": "#north"},
				"east": {"uv": [13, 8, 14, 11], "texture": "#north"},
				"south": {"uv": [12, 9, 14, 11], "texture": "#north"},
				"west": {"uv": [12, 9, 13, 11], "texture": "#north"},
				"up": {"uv": [3, 5, 4, 6], "rotation": 270, "texture": "#north"},
				"down": {"uv": [13, 6, 14, 9], "rotation": 90, "texture": "#north"}
			}
		},
		{
			"from": [-1, 3, 13],
			"to": [0, 5, 14],
			"faces": {
				"north": {"uv": [13, 11, 14, 13], "texture": "#north"},
				"east": {"uv": [0, 0, 3, 2], "texture": "#north"},
				"south": {"uv": [13, 11, 14, 13], "texture": "#north"},
				"west": {"uv": [13, 11, 14, 13], "texture": "#north"},
				"up": {"uv": [3, 5, 4, 6], "texture": "#north"},
				"down": {"uv": [13, 12, 14, 13], "texture": "#north"}
			}
		},
		{
			"from": [13, 3, 16],
			"to": [14, 5, 17],
			"faces": {
				"north": {"uv": [0, 0, 3, 2], "texture": "#north"},
				"east": {"uv": [13, 11, 14, 13], "texture": "#north"},
				"south": {"uv": [13, 11, 14, 13], "texture": "#north"},
				"west": {"uv": [13, 11, 14, 13], "texture": "#north"},
				"up": {"uv": [3, 5, 4, 6], "rotation": 270, "texture": "#north"},
				"down": {"uv": [13, 12, 14, 13], "rotation": 90, "texture": "#north"}
			}
		},
		{
			"from": [-1, 10, 12],
			"to": [0, 11, 13],
			"faces": {
				"north": {"uv": [3, 5, 4, 9], "texture": "#north"},
				"east": {"uv": [0, 0, 3, 2], "texture": "#north"},
				"south": {"uv": [3, 5, 4, 9], "texture": "#north"},
				"west": {"uv": [12, 5, 13, 6], "texture": "#north"},
				"up": {"uv": [12, 5, 13, 6], "texture": "#north"},
				"down": {"uv": [11, 5, 12, 6], "texture": "#north"}
			}
		},
		{
			"from": [12, 10, 16],
			"to": [13, 11, 17],
			"faces": {
				"north": {"uv": [0, 0, 3, 2], "texture": "#north"},
				"east": {"uv": [3, 5, 4, 9], "texture": "#north"},
				"south": {"uv": [12, 5, 13, 6], "texture": "#north"},
				"west": {"uv": [3, 5, 4, 9], "texture": "#north"},
				"up": {"uv": [12, 5, 13, 6], "rotation": 270, "texture": "#north"},
				"down": {"uv": [11, 5, 12, 6], "rotation": 90, "texture": "#north"}
			}
		},
		{
			"from": [-1, 12, 12],
			"to": [0, 13, 13],
			"faces": {
				"north": {"uv": [3, 5, 4, 9], "texture": "#north"},
				"east": {"uv": [0, 0, 3, 2], "texture": "#north"},
				"south": {"uv": [3, 5, 4, 9], "texture": "#north"},
				"west": {"uv": [12, 3, 13, 4], "texture": "#north"},
				"up": {"uv": [3, 5, 4, 6], "texture": "#north"},
				"down": {"uv": [11, 5, 12, 6], "texture": "#north"}
			}
		},
		{
			"from": [12, 12, 16],
			"to": [13, 13, 17],
			"faces": {
				"north": {"uv": [0, 0, 3, 2], "texture": "#north"},
				"east": {"uv": [3, 5, 4, 9], "texture": "#north"},
				"south": {"uv": [12, 3, 13, 4], "texture": "#north"},
				"west": {"uv": [3, 5, 4, 9], "texture": "#north"},
				"up": {"uv": [3, 5, 4, 6], "rotation": 270, "texture": "#north"},
				"down": {"uv": [11, 5, 12, 6], "rotation": 90, "texture": "#north"}
			}
		},
		{
			"from": [16, 6, 12],
			"to": [17, 8, 13],
			"faces": {
				"north": {"uv": [3, 8, 4, 10], "texture": "#east"},
				"east": {"uv": [3, 8, 4, 10], "texture": "#east"},
				"south": {"uv": [3, 8, 4, 10], "texture": "#east"},
				"west": {"uv": [0, 0, 1, 2], "texture": "#missing"},
				"up": {"uv": [3, 8, 4, 9], "texture": "#east"},
				"down": {"uv": [3, 9, 4, 10], "texture": "#east"}
			}
		},
		{
			"from": [12, 6, -1],
			"to": [13, 8, 0],
			"faces": {
				"north": {"uv": [3, 8, 4, 10], "texture": "#east"},
				"east": {"uv": [3, 8, 4, 10], "texture": "#east"},
				"south": {"uv": [0, 0, 1, 2], "texture": "#missing"},
				"west": {"uv": [3, 8, 4, 10], "texture": "#east"},
				"up": {"uv": [3, 8, 4, 9], "rotation": 270, "texture": "#east"},
				"down": {"uv": [3, 9, 4, 10], "rotation": 90, "texture": "#east"}
			}
		},
		{
			"from": [16, 6, 10],
			"to": [17, 8, 11],
			"faces": {
				"north": {"uv": [3, 8, 4, 10], "texture": "#east"},
				"east": {"uv": [3, 8, 4, 10], "texture": "#east"},
				"south": {"uv": [3, 8, 4, 10], "texture": "#east"},
				"west": {"uv": [0, 0, 1, 2], "texture": "#missing"},
				"up": {"uv": [3, 8, 4, 9], "texture": "#east"},
				"down": {"uv": [3, 9, 4, 10], "texture": "#east"}
			}
		},
		{
			"from": [10, 6, -1],
			"to": [11, 8, 0],
			"faces": {
				"north": {"uv": [3, 8, 4, 10], "texture": "#east"},
				"east": {"uv": [3, 8, 4, 10], "texture": "#east"},
				"south": {"uv": [0, 0, 1, 2], "texture": "#missing"},
				"west": {"uv": [3, 8, 4, 10], "texture": "#east"},
				"up": {"uv": [3, 8, 4, 9], "rotation": 270, "texture": "#east"},
				"down": {"uv": [3, 9, 4, 10], "rotation": 90, "texture": "#east"}
			}
		},
		{
			"from": [16, 9, 12],
			"to": [17, 11, 13],
			"faces": {
				"north": {"uv": [3, 5, 4, 7], "texture": "#east"},
				"east": {"uv": [3, 5, 4, 7], "texture": "#east"},
				"south": {"uv": [3, 5, 4, 7], "texture": "#east"},
				"west": {"uv": [0, 0, 1, 2], "texture": "#missing"},
				"up": {"uv": [3, 5, 4, 6], "texture": "#east"},
				"down": {"uv": [3, 6, 4, 7], "texture": "#east"}
			}
		},
		{
			"from": [12, 9, -1],
			"to": [13, 11, 0],
			"faces": {
				"north": {"uv": [3, 5, 4, 7], "texture": "#east"},
				"east": {"uv": [3, 5, 4, 7], "texture": "#east"},
				"south": {"uv": [0, 0, 1, 2], "texture": "#missing"},
				"west": {"uv": [3, 5, 4, 7], "texture": "#east"},
				"up": {"uv": [3, 5, 4, 6], "rotation": 270, "texture": "#east"},
				"down": {"uv": [3, 6, 4, 7], "rotation": 90, "texture": "#east"}
			}
		},
		{
			"from": [16, 9, 10],
			"to": [17, 11, 11],
			"faces": {
				"north": {"uv": [3, 5, 4, 7], "texture": "#east"},
				"east": {"uv": [3, 5, 4, 7], "texture": "#east"},
				"south": {"uv": [3, 5, 4, 7], "texture": "#east"},
				"west": {"uv": [0, 0, 1, 2], "texture": "#missing"},
				"up": {"uv": [3, 5, 4, 6], "texture": "#east"},
				"down": {"uv": [3, 6, 4, 7], "texture": "#east"}
			}
		},
		{
			"from": [10, 9, -1],
			"to": [11, 11, 0],
			"faces": {
				"north": {"uv": [3, 5, 4, 7], "texture": "#east"},
				"east": {"uv": [3, 5, 4, 7], "texture": "#east"},
				"south": {"uv": [0, 0, 1, 2], "texture": "#missing"},
				"west": {"uv": [3, 5, 4, 7], "texture": "#east"},
				"up": {"uv": [3, 5, 4, 6], "rotation": 270, "texture": "#east"},
				"down": {"uv": [3, 6, 4, 7], "rotation": 90, "texture": "#east"}
			}
		},
		{
			"from": [16, 8, 11],
			"to": [17, 9, 12],
			"faces": {
				"north": {"uv": [4, 7, 5, 8], "texture": "#east"},
				"east": {"uv": [4, 7, 5, 8], "texture": "#east"},
				"south": {"uv": [4, 7, 5, 8], "texture": "#east"},
				"west": {"uv": [0, 0, 1, 1], "texture": "#missing"},
				"up": {"uv": [4, 7, 5, 8], "texture": "#east"},
				"down": {"uv": [4, 7, 5, 8], "texture": "#east"}
			}
		},
		{
			"from": [11, 8, -1],
			"to": [12, 9, 0],
			"faces": {
				"north": {"uv": [4, 7, 5, 8], "texture": "#east"},
				"east": {"uv": [4, 7, 5, 8], "texture": "#east"},
				"south": {"uv": [0, 0, 1, 1], "texture": "#missing"},
				"west": {"uv": [4, 7, 5, 8], "texture": "#east"},
				"up": {"uv": [4, 7, 5, 8], "rotation": 270, "texture": "#east"},
				"down": {"uv": [4, 7, 5, 8], "rotation": 90, "texture": "#east"}
			}
		}
	]
}