{
	"credit": "Made with Blockbench",
	"parent": "block/cube_all",
	"textures": {
		"all": "block/emerald_ore",
		"particle": "block/emerald_ore"
	},
	"elements": [
		{
			"from": [0, 0, 0],
			"to": [16, 16, 16],
			"faces": {
				"north": {"uv": [0, 0, 16, 16], "texture": "#all"},
				"east": {"uv": [0, 0, 16, 16], "texture": "#all"},
				"south": {"uv": [0, 0, 16, 16], "texture": "#all"},
				"west": {"uv": [0, 0, 16, 16], "texture": "#all"},
				"up": {"uv": [0, 0, 16, 16], "texture": "#all"},
				"down": {"uv": [0, 0, 16, 16], "texture": "#all"}
			}
		},
		{
			"from": [-1, 13, 6],
			"to": [0, 15, 8],
			"faces": {
				"north": {"uv": [6, 1, 7, 3], "texture": "#all"},
				"east": {"uv": [0, 0, 2, 2], "texture": "#missing"},
				"south": {"uv": [7, 1, 8, 3], "texture": "#all"},
				"west": {"uv": [6, 1, 8, 3], "texture": "#all"},
				"up": {"uv": [6, 1, 7, 3], "texture": "#all"},
				"down": {"uv": [7, 1, 8, 3], "texture": "#all"}
			}
		},
		{
			"from": [-1, 9, 6],
			"to": [0, 11, 8],
			"faces": {
				"north": {"uv": [6, 1, 7, 3], "texture": "#all"},
				"east": {"uv": [0, 0, 2, 2], "texture": "#missing"},
				"south": {"uv": [7, 1, 8, 3], "texture": "#all"},
				"west": {"uv": [6, 1, 8, 3], "texture": "#all"},
				"up": {"uv": [6, 1, 7, 3], "texture": "#all"},
				"down": {"uv": [7, 1, 8, 3], "texture": "#all"}
			}
		},
		{
			"from": [-1, 10, 4],
			"to": [0, 12, 6],
			"faces": {
				"north": {"uv": [6, 1, 7, 3], "texture": "#all"},
				"east": {"uv": [0, 0, 2, 2], "texture": "#missing"},
				"south": {"uv": [7, 1, 8, 3], "texture": "#all"},
				"west": {"uv": [6, 1, 8, 3], "texture": "#all"},
				"up": {"uv": [6, 1, 7, 3], "texture": "#all"},
				"down": {"uv": [7, 1, 8, 3], "texture": "#all"}
			}
		},
		{
			"from": [-1, 6, 6],
			"to": [0, 8, 8],
			"faces": {
				"north": {"uv": [6, 1, 7, 3], "texture": "#all"},
				"east": {"uv": [0, 0, 2, 2], "texture": "#missing"},
				"south": {"uv": [7, 1, 8, 3], "texture": "#all"},
				"west": {"uv": [6, 1, 8, 3], "texture": "#all"},
				"up": {"uv": [6, 1, 7, 3], "texture": "#all"},
				"down": {"uv": [7, 1, 8, 3], "texture": "#all"}
			}
		},
		{
			"from": [-1, 3, 7],
			"to": [0, 5, 9],
			"faces": {
				"north": {"uv": [6, 1, 7, 3], "texture": "#all"},
				"east": {"uv": [0, 0, 2, 2], "texture": "#missing"},
				"south": {"uv": [7, 1, 8, 3], "texture": "#all"},
				"west": {"uv": [6, 1, 8, 3], "texture": "#all"},
				"up": {"uv": [6, 1, 7, 3], "texture": "#all"},
				"down": {"uv": [7, 1, 8, 3], "texture": "#all"}
			}
		},
		{
			"from": [-1, 5, 10],
			"to": [0, 7, 12],
			"faces": {
				"north": {"uv": [6, 1, 7, 3], "texture": "#all"},
				"east": {"uv": [0, 0, 2, 2], "texture": "#missing"},
				"south": {"uv": [7, 1, 8, 3], "texture": "#all"},
				"west": {"uv": [6, 1, 8, 3], "texture": "#all"},
				"up": {"uv": [6, 1, 7, 3], "texture": "#all"},
				"down": {"uv": [7, 1, 8, 3], "texture": "#all"}
			}
		},
		{
			"from": [-1, 11, 12],
			"to": [0, 13, 14],
			"faces": {
				"north": {"uv": [6, 1, 7, 3], "texture": "#all"},
				"east": {"uv": [0, 0, 2, 2], "texture": "#missing"},
				"south": {"uv": [7, 1, 8, 3], "texture": "#all"},
				"west": {"uv": [6, 1, 8, 3], "texture": "#all"},
				"up": {"uv": [6, 1, 7, 3], "texture": "#all"},
				"down": {"uv": [7, 1, 8, 3], "texture": "#all"}
			}
		},
		{
			"from": [-1, 4, 13],
			"to": [0, 6, 15],
			"faces": {
				"north": {"uv": [6, 1, 7, 3], "texture": "#all"},
				"east": {"uv": [0, 0, 2, 2], "texture": "#missing"},
				"south": {"uv": [7, 1, 8, 3], "texture": "#all"},
				"west": {"uv": [6, 1, 8, 3], "texture": "#all"},
				"up": {"uv": [6, 1, 7, 3], "texture": "#all"},
				"down": {"uv": [7, 1, 8, 3], "texture": "#all"}
			}
		},
		{
			"from": [-1, 1, 1],
			"to": [0, 3, 3],
			"faces": {
				"north": {"uv": [6, 1, 7, 3], "texture": "#all"},
				"east": {"uv": [0, 0, 2, 2], "texture": "#missing"},
				"south": {"uv": [7, 1, 8, 3], "texture": "#all"},
				"west": {"uv": [6, 1, 8, 3], "texture": "#all"},
				"up": {"uv": [6, 1, 7, 3], "texture": "#all"},
				"down": {"uv": [7, 1, 8, 3], "texture": "#all"}
			}
		},
		{
			"from": [8, 13, -1],
			"to": [10, 15, 0],
			"faces": {
				"north": {"uv": [6, 1, 8, 3], "texture": "#all"},
				"east": {"uv": [6, 1, 7, 3], "texture": "#all"},
				"south": {"uv": [0, 0, 2, 2], "texture": "#missing"},
				"west": {"uv": [7, 1, 8, 3], "texture": "#all"},
				"up": {"uv": [6, 1, 7, 3], "rotation": 90, "texture": "#all"},
				"down": {"uv": [7, 1, 8, 3], "rotation": 270, "texture": "#all"}
			}
		},
		{
			"from": [8, 9, -1],
			"to": [10, 11, 0],
			"faces": {
				"north": {"uv": [6, 1, 8, 3], "texture": "#all"},
				"east": {"uv": [6, 1, 7, 3], "texture": "#all"},
				"south": {"uv": [0, 0, 2, 2], "texture": "#missing"},
				"west": {"uv": [7, 1, 8, 3], "texture": "#all"},
				"up": {"uv": [6, 1, 7, 3], "rotation": 90, "texture": "#all"},
				"down": {"uv": [7, 1, 8, 3], "rotation": 270, "texture": "#all"}
			}
		},
		{
			"from": [10, 10, -1],
			"to": [12, 12, 0],
			"faces": {
				"north": {"uv": [6, 1, 8, 3], "texture": "#all"},
				"east": {"uv": [6, 1, 7, 3], "texture": "#all"},
				"south": {"uv": [0, 0, 2, 2], "texture": "#missing"},
				"west": {"uv": [7, 1, 8, 3], "texture": "#all"},
				"up": {"uv": [6, 1, 7, 3], "rotation": 90, "texture": "#all"},
				"down": {"uv": [7, 1, 8, 3], "rotation": 270, "texture": "#all"}
			}
		},
		{
			"from": [8, 6, -1],
			"to": [10, 8, 0],
			"faces": {
				"north": {"uv": [6, 1, 8, 3], "texture": "#all"},
				"east": {"uv": [6, 1, 7, 3], "texture": "#all"},
				"south": {"uv": [0, 0, 2, 2], "texture": "#missing"},
				"west": {"uv": [7, 1, 8, 3], "texture": "#all"},
				"up": {"uv": [6, 1, 7, 3], "rotation": 90, "texture": "#all"},
				"down": {"uv": [7, 1, 8, 3], "rotation": 270, "texture": "#all"}
			}
		},
		{
			"from": [7, 3, -1],
			"to": [9, 5, 0],
			"faces": {
				"north": {"uv": [6, 1, 8, 3], "texture": "#all"},
				"east": {"uv": [6, 1, 7, 3], "texture": "#all"},
				"south": {"uv": [0, 0, 2, 2], "texture": "#missing"},
				"west": {"uv": [7, 1, 8, 3], "texture": "#all"},
				"up": {"uv": [6, 1, 7, 3], "rotation": 90, "texture": "#all"},
				"down": {"uv": [7, 1, 8, 3], "rotation": 270, "texture": "#all"}
			}
		},
		{
			"from": [4, 5, -1],
			"to": [6, 7, 0],
			"faces": {
				"north": {"uv": [6, 1, 8, 3], "texture": "#all"},
				"east": {"uv": [6, 1, 7, 3], "texture": "#all"},
				"south": {"uv": [0, 0, 2, 2], "texture": "#missing"},
				"west": {"uv": [7, 1, 8, 3], "texture": "#all"},
				"up": {"uv": [6, 1, 7, 3], "rotation": 90, "texture": "#all"},
				"down": {"uv": [7, 1, 8, 3], "rotation": 270, "texture": "#all"}
			}
		},
		{
			"from": [2, 11, -1],
			"to": [4, 13, 0],
			"faces": {
				"north": {"uv": [6, 1, 8, 3], "texture": "#all"},
				"east": {"uv": [6, 1, 7, 3], "texture": "#all"},
				"south": {"uv": [0, 0, 2, 2], "texture": "#missing"},
				"west": {"uv": [7, 1, 8, 3], "texture": "#all"},
				"up": {"uv": [6, 1, 7, 3], "rotation": 90, "texture": "#all"},
				"down": {"uv": [7, 1, 8, 3], "rotation": 270, "texture": "#all"}
			}
		},
		{
			"from": [1, 4, -1],
			"to": [3, 6, 0],
			"faces": {
				"north": {"uv": [6, 1, 8, 3], "texture": "#all"},
				"east": {"uv": [6, 1, 7, 3], "texture": "#all"},
				"south": {"uv": [0, 0, 2, 2], "texture": "#missing"},
				"west": {"uv": [7, 1, 8, 3], "texture": "#all"},
				"up": {"uv": [6, 1, 7, 3], "rotation": 90, "texture": "#all"},
				"down": {"uv": [7, 1, 8, 3], "rotation": 270, "texture": "#all"}
			}
		},
		{
			"from": [13, 1, -1],
			"to": [15, 3, 0],
			"faces": {
				"north": {"uv": [6, 1, 8, 3], "texture": "#all"},
				"east": {"uv": [6, 1, 7, 3], "texture": "#all"},
				"south": {"uv": [0, 0, 2, 2], "texture": "#missing"},
				"west": {"uv": [7, 1, 8, 3], "texture": "#all"},
				"up": {"uv": [6, 1, 7, 3], "rotation": 90, "texture": "#all"},
				"down": {"uv": [7, 1, 8, 3], "rotation": 270, "texture": "#all"}
			}
		},
		{
			"from": [16, 13, 8],
			"to": [17, 15, 10],
			"faces": {
				"north": {"uv": [7, 1, 8, 3], "texture": "#all"},
				"east": {"uv": [6, 1, 8, 3], "texture": "#all"},
				"south": {"uv": [6, 1, 7, 3], "texture": "#all"},
				"west": {"uv": [0, 0, 2, 2], "texture": "#missing"},
				"up": {"uv": [6, 1, 7, 3], "rotation": 180, "texture": "#all"},
				"down": {"uv": [7, 1, 8, 3], "rotation": 180, "texture": "#all"}
			}
		},
		{
			"from": [16, 9, 8],
			"to": [17, 11, 10],
			"faces": {
				"north": {"uv": [7, 1, 8, 3], "texture": "#all"},
				"east": {"uv": [6, 1, 8, 3], "texture": "#all"},
				"south": {"uv": [6, 1, 7, 3], "texture": "#all"},
				"west": {"uv": [0, 0, 2, 2], "texture": "#missing"},
				"up": {"uv": [6, 1, 7, 3], "rotation": 180, "texture": "#all"},
				"down": {"uv": [7, 1, 8, 3], "rotation": 180, "texture": "#all"}
			}
		},
		{
			"from": [16, 10, 10],
			"to": [17, 12, 12],
			"faces": {
				"north": {"uv": [7, 1, 8, 3], "texture": "#all"},
				"east": {"uv": [6, 1, 8, 3], "texture": "#all"},
				"south": {"uv": [6, 1, 7, 3], "texture": "#all"},
				"west": {"uv": [0, 0, 2, 2], "texture": "#missing"},
				"up": {"uv": [6, 1, 7, 3], "rotation": 180, "texture": "#all"},
				"down": {"uv": [7, 1, 8, 3], "rotation": 180, "texture": "#all"}
			}
		},
		{
			"from": [16, 6, 8],
			"to": [17, 8, 10],
			"faces": {
				"north": {"uv": [7, 1, 8, 3], "texture": "#all"},
				"east": {"uv": [6, 1, 8, 3], "texture": "#all"},
				"south": {"uv": [6, 1, 7, 3], "texture": "#all"},
				"west": {"uv": [0, 0, 2, 2], "texture": "#missing"},
				"up": {"uv": [6, 1, 7, 3], "rotation": 180, "texture": "#all"},
				"down": {"uv": [7, 1, 8, 3], "rotation": 180, "texture": "#all"}
			}
		},
		{
			"from": [16, 3, 7],
			"to": [17, 5, 9],
			"faces": {
				"north": {"uv": [7, 1, 8, 3], "texture": "#all"},
				"east": {"uv": [6, 1, 8, 3], "texture": "#all"},
				"south": {"uv": [6, 1, 7, 3], "texture": "#all"},
				"west": {"uv": [0, 0, 2, 2], "texture": "#missing"},
				"up": {"uv": [6, 1, 7, 3], "rotation": 180, "texture": "#all"},
				"down": {"uv": [7, 1, 8, 3], "rotation": 180, "texture": "#all"}
			}
		},
		{
			"from": [16, 5, 4],
			"to": [17, 7, 6],
			"faces": {
				"north": {"uv": [7, 1, 8, 3], "texture": "#all"},
				"east": {"uv": [6, 1, 8, 3], "texture": "#all"},
				"south": {"uv": [6, 1, 7, 3], "texture": "#all"},
				"west": {"uv": [0, 0, 2, 2], "texture": "#missing"},
				"up": {"uv": [6, 1, 7, 3], "rotation": 180, "texture": "#all"},
				"down": {"uv": [7, 1, 8, 3], "rotation": 180, "texture": "#all"}
			}
		},
		{
			"from": [16, 11, 2],
			"to": [17, 13, 4],
			"faces": {
				"north": {"uv": [7, 1, 8, 3], "texture": "#all"},
				"east": {"uv": [6, 1, 8, 3], "texture": "#all"},
				"south": {"uv": [6, 1, 7, 3], "texture": "#all"},
				"west": {"uv": [0, 0, 2, 2], "texture": "#missing"},
				"up": {"uv": [6, 1, 7, 3], "rotation": 180, "texture": "#all"},
				"down": {"uv": [7, 1, 8, 3], "rotation": 180, "texture": "#all"}
			}
		},
		{
			"from": [16, 4, 1],
			"to": [17, 6, 3],
			"faces": {
				"north": {"uv": [7, 1, 8, 3], "texture": "#all"},
				"east": {"uv": [6, 1, 8, 3], "texture": "#all"},
				"south": {"uv": [6, 1, 7, 3], "texture": "#all"},
				"west": {"uv": [0, 0, 2, 2], "texture": "#missing"},
				"up": {"uv": [6, 1, 7, 3], "rotation": 180, "texture": "#all"},
				"down": {"uv": [7, 1, 8, 3], "rotation": 180, "texture": "#all"}
			}
		},
		{
			"from": [16, 1, 13],
			"to": [17, 3, 15],
			"faces": {
				"north": {"uv": [7, 1, 8, 3], "texture": "#all"},
				"east": {"uv": [6, 1, 8, 3], "texture": "#all"},
				"south": {"uv": [6, 1, 7, 3], "texture": "#all"},
				"west": {"uv": [0, 0, 2, 2], "texture": "#missing"},
				"up": {"uv": [6, 1, 7, 3], "rotation": 180, "texture": "#all"},
				"down": {"uv": [7, 1, 8, 3], "rotation": 180, "texture": "#all"}
			}
		},
		{
			"from": [6, 13, 16],
			"to": [8, 15, 17],
			"faces": {
				"north": {"uv": [0, 0, 2, 2], "texture": "#missing"},
				"east": {"uv": [7, 1, 8, 3], "texture": "#all"},
				"south": {"uv": [6, 1, 8, 3], "texture": "#all"},
				"west": {"uv": [6, 1, 7, 3], "texture": "#all"},
				"up": {"uv": [6, 1, 7, 3], "rotation": 270, "texture": "#all"},
				"down": {"uv": [7, 1, 8, 3], "rotation": 90, "texture": "#all"}
			}
		},
		{
			"from": [6, 9, 16],
			"to": [8, 11, 17],
			"faces": {
				"north": {"uv": [0, 0, 2, 2], "texture": "#missing"},
				"east": {"uv": [7, 1, 8, 3], "texture": "#all"},
				"south": {"uv": [6, 1, 8, 3], "texture": "#all"},
				"west": {"uv": [6, 1, 7, 3], "texture": "#all"},
				"up": {"uv": [6, 1, 7, 3], "rotation": 270, "texture": "#all"},
				"down": {"uv": [7, 1, 8, 3], "rotation": 90, "texture": "#all"}
			}
		},
		{
			"from": [4, 10, 16],
			"to": [6, 12, 17],
			"faces": {
				"north": {"uv": [0, 0, 2, 2], "texture": "#missing"},
				"east": {"uv": [7, 1, 8, 3], "texture": "#all"},
				"south": {"uv": [6, 1, 8, 3], "texture": "#all"},
				"west": {"uv": [6, 1, 7, 3], "texture": "#all"},
				"up": {"uv": [6, 1, 7, 3], "rotation": 270, "texture": "#all"},
				"down": {"uv": [7, 1, 8, 3], "rotation": 90, "texture": "#all"}
			}
		},
		{
			"from": [6, 6, 16],
			"to": [8, 8, 17],
			"faces": {
				"north": {"uv": [0, 0, 2, 2], "texture": "#missing"},
				"east": {"uv": [7, 1, 8, 3], "texture": "#all"},
				"south": {"uv": [6, 1, 8, 3], "texture": "#all"},
				"west": {"uv": [6, 1, 7, 3], "texture": "#all"},
				"up": {"uv": [6, 1, 7, 3], "rotation": 270, "texture": "#all"},
				"down": {"uv": [7, 1, 8, 3], "rotation": 90, "texture": "#all"}
			}
		},
		{
			"from": [7, 3, 16],
			"to": [9, 5, 17],
			"faces": {
				"north": {"uv": [0, 0, 2, 2], "texture": "#missing"},
				"east": {"uv": [7, 1, 8, 3], "texture": "#all"},
				"south": {"uv": [6, 1, 8, 3], "texture": "#all"},
				"west": {"uv": [6, 1, 7, 3], "texture": "#all"},
				"up": {"uv": [6, 1, 7, 3], "rotation": 270, "texture": "#all"},
				"down": {"uv": [7, 1, 8, 3], "rotation": 90, "texture": "#all"}
			}
		},
		{
			"from": [10, 5, 16],
			"to": [12, 7, 17],
			"faces": {
				"north": {"uv": [0, 0, 2, 2], "texture": "#missing"},
				"east": {"uv": [7, 1, 8, 3], "texture": "#all"},
				"south": {"uv": [6, 1, 8, 3], "texture": "#all"},
				"west": {"uv": [6, 1, 7, 3], "texture": "#all"},
				"up": {"uv": [6, 1, 7, 3], "rotation": 270, "texture": "#all"},
				"down": {"uv": [7, 1, 8, 3], "rotation": 90, "texture": "#all"}
			}
		},
		{
			"from": [12, 11, 16],
			"to": [14, 13, 17],
			"faces": {
				"north": {"uv": [0, 0, 2, 2], "texture": "#missing"},
				"east": {"uv": [7, 1, 8, 3], "texture": "#all"},
				"south": {"uv": [6, 1, 8, 3], "texture": "#all"},
				"west": {"uv": [6, 1, 7, 3], "texture": "#all"},
				"up": {"uv": [6, 1, 7, 3], "rotation": 270, "texture": "#all"},
				"down": {"uv": [7, 1, 8, 3], "rotation": 90, "texture": "#all"}
			}
		},
		{
			"from": [13, 4, 16],
			"to": [15, 6, 17],
			"faces": {
				"north": {"uv": [0, 0, 2, 2], "texture": "#missing"},
				"east": {"uv": [7, 1, 8, 3], "texture": "#all"},
				"south": {"uv": [6, 1, 8, 3], "texture": "#all"},
				"west": {"uv": [6, 1, 7, 3], "texture": "#all"},
				"up": {"uv": [6, 1, 7, 3], "rotation": 270, "texture": "#all"},
				"down": {"uv": [7, 1, 8, 3], "rotation": 90, "texture": "#all"}
			}
		},
		{
			"from": [1, 1, 16],
			"to": [3, 3, 17],
			"faces": {
				"north": {"uv": [0, 0, 2, 2], "texture": "#missing"},
				"east": {"uv": [7, 1, 8, 3], "texture": "#all"},
				"south": {"uv": [6, 1, 8, 3], "texture": "#all"},
				"west": {"uv": [6, 1, 7, 3], "texture": "#all"},
				"up": {"uv": [6, 1, 7, 3], "rotation": 270, "texture": "#all"},
				"down": {"uv": [7, 1, 8, 3], "rotation": 90, "texture": "#all"}
			}
		},
		{
			"from": [6, 16, 1],
			"to": [8, 17, 3],
			"faces": {
				"north": {"uv": [6, 1, 7, 3], "rotation": 90, "texture": "#all"},
				"east": {"uv": [7, 1, 8, 3], "rotation": 90, "texture": "#all"},
				"south": {"uv": [7, 1, 8, 3], "rotation": 90, "texture": "#all"},
				"west": {"uv": [6, 1, 7, 3], "rotation": 270, "texture": "#all"},
				"up": {"uv": [6, 1, 8, 3], "texture": "#all"},
				"down": {"uv": [0, 0, 2, 2], "rotation": 180, "texture": "#missing"}
			}
		},
		{
			"from": [6, 16, 5],
			"to": [8, 17, 7],
			"faces": {
				"north": {"uv": [6, 1, 7, 3], "rotation": 90, "texture": "#all"},
				"east": {"uv": [7, 1, 8, 3], "rotation": 90, "texture": "#all"},
				"south": {"uv": [7, 1, 8, 3], "rotation": 90, "texture": "#all"},
				"west": {"uv": [6, 1, 7, 3], "rotation": 270, "texture": "#all"},
				"up": {"uv": [6, 1, 8, 3], "texture": "#all"},
				"down": {"uv": [0, 0, 2, 2], "rotation": 180, "texture": "#missing"}
			}
		},
		{
			"from": [4, 16, 4],
			"to": [6, 17, 6],
			"faces": {
				"north": {"uv": [6, 1, 7, 3], "rotation": 90, "texture": "#all"},
				"east": {"uv": [7, 1, 8, 3], "rotation": 90, "texture": "#all"},
				"south": {"uv": [7, 1, 8, 3], "rotation": 90, "texture": "#all"},
				"west": {"uv": [6, 1, 7, 3], "rotation": 270, "texture": "#all"},
				"up": {"uv": [6, 1, 8, 3], "texture": "#all"},
				"down": {"uv": [0, 0, 2, 2], "rotation": 180, "texture": "#missing"}
			}
		},
		{
			"from": [6, 16, 8],
			"to": [8, 17, 10],
			"faces": {
				"north": {"uv": [6, 1, 7, 3], "rotation": 90, "texture": "#all"},
				"east": {"uv": [7, 1, 8, 3], "rotation": 90, "texture": "#all"},
				"south": {"uv": [7, 1, 8, 3], "rotation": 90, "texture": "#all"},
				"west": {"uv": [6, 1, 7, 3], "rotation": 270, "texture": "#all"},
				"up": {"uv": [6, 1, 8, 3], "texture": "#all"},
				"down": {"uv": [0, 0, 2, 2], "rotation": 180, "texture": "#missing"}
			}
		},
		{
			"from": [7, 16, 11],
			"to": [9, 17, 13],
			"faces": {
				"north": {"uv": [6, 1, 7, 3], "rotation": 90, "texture": "#all"},
				"east": {"uv": [7, 1, 8, 3], "rotation": 90, "texture": "#all"},
				"south": {"uv": [7, 1, 8, 3], "rotation": 90, "texture": "#all"},
				"west": {"uv": [6, 1, 7, 3], "rotation": 270, "texture": "#all"},
				"up": {"uv": [6, 1, 8, 3], "texture": "#all"},
				"down": {"uv": [0, 0, 2, 2], "rotation": 180, "texture": "#missing"}
			}
		},
		{
			"from": [10, 16, 9],
			"to": [12, 17, 11],
			"faces": {
				"north": {"uv": [6, 1, 7, 3], "rotation": 90, "texture": "#all"},
				"east": {"uv": [7, 1, 8, 3], "rotation": 90, "texture": "#all"},
				"south": {"uv": [7, 1, 8, 3], "rotation": 90, "texture": "#all"},
				"west": {"uv": [6, 1, 7, 3], "rotation": 270, "texture": "#all"},
				"up": {"uv": [6, 1, 8, 3], "texture": "#all"},
				"down": {"uv": [0, 0, 2, 2], "rotation": 180, "texture": "#missing"}
			}
		},
		{
			"from": [12, 16, 3],
			"to": [14, 17, 5],
			"faces": {
				"north": {"uv": [6, 1, 7, 3], "rotation": 90, "texture": "#all"},
				"east": {"uv": [7, 1, 8, 3], "rotation": 90, "texture": "#all"},
				"south": {"uv": [7, 1, 8, 3], "rotation": 90, "texture": "#all"},
				"west": {"uv": [6, 1, 7, 3], "rotation": 270, "texture": "#all"},
				"up": {"uv": [6, 1, 8, 3], "texture": "#all"},
				"down": {"uv": [0, 0, 2, 2], "rotation": 180, "texture": "#missing"}
			}
		},
		{
			"from": [13, 16, 10],
			"to": [15, 17, 12],
			"faces": {
				"north": {"uv": [6, 1, 7, 3], "rotation": 90, "texture": "#all"},
				"east": {"uv": [7, 1, 8, 3], "rotation": 90, "texture": "#all"},
				"south": {"uv": [7, 1, 8, 3], "rotation": 90, "texture": "#all"},
				"west": {"uv": [6, 1, 7, 3], "rotation": 270, "texture": "#all"},
				"up": {"uv": [6, 1, 8, 3], "texture": "#all"},
				"down": {"uv": [0, 0, 2, 2], "rotation": 180, "texture": "#missing"}
			}
		},
		{
			"from": [1, 16, 13],
			"to": [3, 17, 15],
			"faces": {
				"north": {"uv": [6, 1, 7, 3], "rotation": 90, "texture": "#all"},
				"east": {"uv": [7, 1, 8, 3], "rotation": 90, "texture": "#all"},
				"south": {"uv": [7, 1, 8, 3], "rotation": 90, "texture": "#all"},
				"west": {"uv": [6, 1, 7, 3], "rotation": 270, "texture": "#all"},
				"up": {"uv": [6, 1, 8, 3], "texture": "#all"},
				"down": {"uv": [0, 0, 2, 2], "rotation": 180, "texture": "#missing"}
			}
		},
		{
			"from": [6, -1, 13],
			"to": [8, 0, 15],
			"faces": {
				"north": {"uv": [7, 1, 8, 3], "rotation": 270, "texture": "#all"},
				"east": {"uv": [7, 1, 8, 3], "rotation": 270, "texture": "#all"},
				"south": {"uv": [6, 1, 7, 3], "rotation": 270, "texture": "#all"},
				"west": {"uv": [6, 1, 7, 3], "rotation": 90, "texture": "#all"},
				"up": {"uv": [0, 0, 2, 2], "rotation": 180, "texture": "#missing"},
				"down": {"uv": [6, 1, 8, 3], "texture": "#all"}
			}
		},
		{
			"from": [6, -1, 9],
			"to": [8, 0, 11],
			"faces": {
				"north": {"uv": [7, 1, 8, 3], "rotation": 270, "texture": "#all"},
				"east": {"uv": [7, 1, 8, 3], "rotation": 270, "texture": "#all"},
				"south": {"uv": [6, 1, 7, 3], "rotation": 270, "texture": "#all"},
				"west": {"uv": [6, 1, 7, 3], "rotation": 90, "texture": "#all"},
				"up": {"uv": [0, 0, 2, 2], "rotation": 180, "texture": "#missing"},
				"down": {"uv": [6, 1, 8, 3], "texture": "#all"}
			}
		},
		{
			"from": [4, -1, 10],
			"to": [6, 0, 12],
			"faces": {
				"north": {"uv": [7, 1, 8, 3], "rotation": 270, "texture": "#all"},
				"east": {"uv": [7, 1, 8, 3], "rotation": 270, "texture": "#all"},
				"south": {"uv": [6, 1, 7, 3], "rotation": 270, "texture": "#all"},
				"west": {"uv": [6, 1, 7, 3], "rotation": 90, "texture": "#all"},
				"up": {"uv": [0, 0, 2, 2], "rotation": 180, "texture": "#missing"},
				"down": {"uv": [6, 1, 8, 3], "texture": "#all"}
			}
		},
		{
			"from": [6, -1, 6],
			"to": [8, 0, 8],
			"faces": {
				"north": {"uv": [7, 1, 8, 3], "rotation": 270, "texture": "#all"},
				"east": {"uv": [7, 1, 8, 3], "rotation": 270, "texture": "#all"},
				"south": {"uv": [6, 1, 7, 3], "rotation": 270, "texture": "#all"},
				"west": {"uv": [6, 1, 7, 3], "rotation": 90, "texture": "#all"},
				"up": {"uv": [0, 0, 2, 2], "rotation": 180, "texture": "#missing"},
				"down": {"uv": [6, 1, 8, 3], "texture": "#all"}
			}
		},
		{
			"from": [7, -1, 3],
			"to": [9, 0, 5],
			"faces": {
				"north": {"uv": [7, 1, 8, 3], "rotation": 270, "texture": "#all"},
				"east": {"uv": [7, 1, 8, 3], "rotation": 270, "texture": "#all"},
				"south": {"uv": [6, 1, 7, 3], "rotation": 270, "texture": "#all"},
				"west": {"uv": [6, 1, 7, 3], "rotation": 90, "texture": "#all"},
				"up": {"uv": [0, 0, 2, 2], "rotation": 180, "texture": "#missing"},
				"down": {"uv": [6, 1, 8, 3], "texture": "#all"}
			}
		},
		{
			"from": [10, -1, 5],
			"to": [12, 0, 7],
			"faces": {
				"north": {"uv": [7, 1, 8, 3], "rotation": 270, "texture": "#all"},
				"east": {"uv": [7, 1, 8, 3], "rotation": 270, "texture": "#all"},
				"south": {"uv": [6, 1, 7, 3], "rotation": 270, "texture": "#all"},
				"west": {"uv": [6, 1, 7, 3], "rotation": 90, "texture": "#all"},
				"up": {"uv": [0, 0, 2, 2], "rotation": 180, "texture": "#missing"},
				"down": {"uv": [6, 1, 8, 3], "texture": "#all"}
			}
		},
		{
			"from": [12, -1, 11],
			"to": [14, 0, 13],
			"faces": {
				"north": {"uv": [7, 1, 8, 3], "rotation": 270, "texture": "#all"},
				"east": {"uv": [7, 1, 8, 3], "rotation": 270, "texture": "#all"},
				"south": {"uv": [6, 1, 7, 3], "rotation": 270, "texture": "#all"},
				"west": {"uv": [6, 1, 7, 3], "rotation": 90, "texture": "#all"},
				"up": {"uv": [0, 0, 2, 2], "rotation": 180, "texture": "#missing"},
				"down": {"uv": [6, 1, 8, 3], "texture": "#all"}
			}
		},
		{
			"from": [13, -1, 4],
			"to": [15, 0, 6],
			"faces": {
				"north": {"uv": [7, 1, 8, 3], "rotation": 270, "texture": "#all"},
				"east": {"uv": [7, 1, 8, 3], "rotation": 270, "texture": "#all"},
				"south": {"uv": [6, 1, 7, 3], "rotation": 270, "texture": "#all"},
				"west": {"uv": [6, 1, 7, 3], "rotation": 90, "texture": "#all"},
				"up": {"uv": [0, 0, 2, 2], "rotation": 180, "texture": "#missing"},
				"down": {"uv": [6, 1, 8, 3], "texture": "#all"}
			}
		},
		{
			"from": [1, -1, 1],
			"to": [3, 0, 3],
			"faces": {
				"north": {"uv": [7, 1, 8, 3], "rotation": 270, "texture": "#all"},
				"east": {"uv": [7, 1, 8, 3], "rotation": 270, "texture": "#all"},
				"south": {"uv": [6, 1, 7, 3], "rotation": 270, "texture": "#all"},
				"west": {"uv": [6, 1, 7, 3], "rotation": 90, "texture": "#all"},
				"up": {"uv": [0, 0, 2, 2], "rotation": 180, "texture": "#missing"},
				"down": {"uv": [6, 1, 8, 3], "texture": "#all"}
			}
		}
	],
	"groups": [0,
		{
			"name": "ore",
			"origin": [8, 8, 8],
			"children": [1, 2, 3, 4, 5, 6, 7, 8, 9]
		},
		{
			"name": "ore",
			"origin": [8, 8, 8],
			"children": [10, 11, 12, 13, 14, 15, 16, 17, 18]
		},
		{
			"name": "ore",
			"origin": [8, 8, 8],
			"children": [19, 20, 21, 22, 23, 24, 25, 26, 27]
		},
		{
			"name": "ore",
			"origin": [8, 8, 8],
			"children": [28, 29, 30, 31, 32, 33, 34, 35, 36]
		},
		{
			"name": "ore",
			"origin": [8, 8, 8],
			"children": [37, 38, 39, 40, 41, 42, 43, 44, 45]
		},
		{
			"name": "ore",
			"origin": [8, 8, 8],
			"children": [46, 47, 48, 49, 50, 51, 52, 53, 54]
		}
	]
}