{
	"credit": "Made with Blockbench",
	"parent": "block/orientable",
	"textures": {
		"top": "block/furnace_top",
		"front": "block/furnace_front",
		"side": "block/furnace_side"
	},
	"elements": [
		{
			"from": [0, 0, 1],
			"to": [16, 16, 16],
			"faces": {
				"north": {"uv": [0, 0, 16, 16], "texture": "#front"},
				"east": {"uv": [0, 0, 15, 16], "texture": "#side"},
				"south": {"uv": [0, 0, 16, 16], "texture": "#side"},
				"west": {"uv": [1, 0, 16, 16], "texture": "#side"},
				"up": {"uv": [0, 1, 16, 16], "texture": "#top"},
				"down": {"uv": [0, 0, 16, 15], "texture": "#top"}
			}
		},
		{
			"from": [13, 0, 0],
			"to": [16, 16, 1],
			"faces": {
				"north": {"uv": [0, 0, 3, 16], "texture": "#front"},
				"east": {"uv": [0, 0, 1, 16], "texture": "#side"},
				"south": {"uv": [0, 0, 3, 16], "texture": "#missing"},
				"west": {"uv": [2, 0, 3, 16], "texture": "#front"},
				"up": {"uv": [0, 0, 3, 1], "texture": "#top"},
				"down": {"uv": [0, 0, 3, 1], "texture": "#top"}
			}
		},
		{
			"from": [0, 0, 0],
			"to": [3, 16, 1],
			"faces": {
				"north": {"uv": [13, 0, 16, 16], "texture": "#front"},
				"east": {"uv": [13, 0, 14, 16], "texture": "#front"},
				"south": {"uv": [0, 0, 3, 16], "texture": "#missing"},
				"west": {"uv": [15, 0, 16, 16], "texture": "#side"},
				"up": {"uv": [13, 15, 16, 16], "texture": "#top"},
				"down": {"uv": [13, 0, 16, 1], "texture": "#top"}
			}
		},
		{
			"from": [3, 13, 0],
			"to": [13, 16, 1],
			"faces": {
				"north": {"uv": [3, 0, 13, 3], "texture": "#front"},
				"east": {"uv": [0, 0, 1, 3], "texture": "#missing"},
				"south": {"uv": [0, 0, 10, 3], "texture": "#missing"},
				"west": {"uv": [0, 0, 1, 3], "texture": "#missing"},
				"up": {"uv": [3, 15, 13, 16], "texture": "#top"},
				"down": {"uv": [2, 2, 12, 3], "texture": "#front"}
			}
		},
		{
			"from": [12, 12, 0],
			"to": [13, 13, 1],
			"faces": {
				"north": {"uv": [3, 3, 4, 4], "texture": "#front"},
				"east": {"uv": [0, 0, 1, 1], "texture": "#missing"},
				"south": {"uv": [0, 0, 1, 1], "texture": "#missing"},
				"west": {"uv": [3, 2, 4, 3], "texture": "#front"},
				"up": {"uv": [0, 0, 1, 1], "texture": "#missing"},
				"down": {"uv": [3, 2, 4, 3], "texture": "#front"}
			}
		},
		{
			"from": [3, 12, 0],
			"to": [4, 13, 1],
			"faces": {
				"north": {"uv": [12, 3, 13, 4], "texture": "#front"},
				"east": {"uv": [3, 2, 4, 3], "texture": "#front"},
				"south": {"uv": [0, 0, 1, 1], "texture": "#missing"},
				"west": {"uv": [0, 0, 1, 1], "texture": "#missing"},
				"up": {"uv": [0, 0, 1, 1], "texture": "#missing"},
				"down": {"uv": [12, 3, 13, 4], "texture": "#front"}
			}
		},
		{
			"from": [3, 5, 0],
			"to": [13, 9, 1],
			"faces": {
				"north": {"uv": [3, 7, 13, 11], "texture": "#front"},
				"east": {"uv": [0, 0, 1, 4], "texture": "#missing"},
				"south": {"uv": [0, 0, 10, 4], "texture": "#missing"},
				"west": {"uv": [0, 0, 1, 4], "texture": "#missing"},
				"up": {"uv": [3, 15, 13, 16], "texture": "#front"},
				"down": {"uv": [3, 10, 13, 11], "texture": "#front"}
			}
		},
		{
			"from": [12, 4, 0],
			"to": [13, 5, 1],
			"faces": {
				"north": {"uv": [3, 11, 4, 12], "texture": "#front"},
				"east": {"uv": [0, 0, 1, 1], "texture": "#missing"},
				"south": {"uv": [0, 0, 1, 1], "texture": "#missing"},
				"west": {"uv": [3, 10, 4, 11], "texture": "#front"},
				"up": {"uv": [0, 0, 1, 1], "texture": "#missing"},
				"down": {"uv": [4, 10, 5, 11], "texture": "#front"}
			}
		},
		{
			"from": [3, 4, 0],
			"to": [4, 5, 1],
			"faces": {
				"north": {"uv": [12, 11, 13, 12], "texture": "#front"},
				"east": {"uv": [12, 11, 13, 12], "texture": "#front"},
				"south": {"uv": [0, 0, 1, 1], "texture": "#missing"},
				"west": {"uv": [0, 0, 1, 1], "texture": "#missing"},
				"up": {"uv": [0, 0, 1, 1], "texture": "#missing"},
				"down": {"uv": [11, 10, 12, 11], "texture": "#front"}
			}
		},
		{
			"from": [3, 0, 0],
			"to": [13, 1, 1],
			"faces": {
				"north": {"uv": [3, 15, 13, 16], "texture": "#front"},
				"east": {"uv": [0, 0, 1, 1], "texture": "#missing"},
				"south": {"uv": [0, 0, 10, 1], "texture": "#missing"},
				"west": {"uv": [0, 0, 1, 1], "texture": "#missing"},
				"up": {"uv": [3, 15, 13, 16], "texture": "#front"},
				"down": {"uv": [3, 0, 13, 1], "texture": "#top"}
			}
		}
	]
}