{
	"credit": "Made with Blockbench",
	"parent": "block/thin_block",
	"textures": {
		"0": "block/iron_trapdoor",
		"particle": "block/iron_trapdoor"
	},
	"elements": [
		{
			"from": [0, 0, 0],
			"to": [3, 3, 16],
			"faces": {
				"north": {"uv": [13, 16, 16, 13], "texture": "#0", "cullface": "north"},
				"east": {"uv": [0, 16, 16, 13], "texture": "#0", "cullface": "east"},
				"south": {"uv": [0, 16, 3, 13], "texture": "#0", "cullface": "south"},
				"west": {"uv": [0, 16, 16, 13], "texture": "#0", "cullface": "west"},
				"up": {"uv": [0, 0, 3, 16], "texture": "#0"},
				"down": {"uv": [0, 0, 3, 16], "texture": "#0", "cullface": "down"}
			}
		},
		{
			"from": [6, 0, 10],
			"to": [10, 3, 13],
			"faces": {
				"north": {"uv": [0, 16, 16, 13], "texture": "#0", "cullface": "north"},
				"east": {"uv": [3, 16, 6, 13], "texture": "#0", "cullface": "east"},
				"south": {"uv": [0, 16, 16, 13], "texture": "#0", "cullface": "south"},
				"west": {"uv": [10, 16, 13, 13], "texture": "#0", "cullface": "west"},
				"up": {"uv": [6, 3, 10, 6], "texture": "#0"},
				"down": {"uv": [6, 3, 10, 6], "texture": "#0", "cullface": "down"}
			}
		},
		{
			"from": [6, 0, 3],
			"to": [10, 3, 6],
			"faces": {
				"north": {"uv": [0, 16, 16, 13], "texture": "#0", "cullface": "north"},
				"east": {"uv": [3, 16, 6, 13], "texture": "#0", "cullface": "east"},
				"south": {"uv": [0, 16, 16, 13], "texture": "#0", "cullface": "south"},
				"west": {"uv": [3, 16, 6, 13], "texture": "#0", "cullface": "west"},
				"up": {"uv": [6, 3, 10, 6], "texture": "#0"},
				"down": {"uv": [6, 10, 10, 13], "texture": "#0", "cullface": "down"}
			}
		},
		{
			"from": [3, 0, 13],
			"to": [13, 3, 16],
			"faces": {
				"north": {"uv": [2, 16, 13, 13], "texture": "#0", "cullface": "north"},
				"east": {"uv": [0, 16, 16, 13], "texture": "#0", "cullface": "east"},
				"south": {"uv": [3, 16, 13, 13], "texture": "#0", "cullface": "south"},
				"west": {"uv": [0, 16, 16, 13], "texture": "#0", "cullface": "west"},
				"up": {"uv": [3, 13, 13, 16], "texture": "#0"},
				"down": {"uv": [3, 0, 13, 3], "texture": "#0", "cullface": "down"}
			}
		},
		{
			"from": [3, 0, 6],
			"to": [13, 3, 10],
			"faces": {
				"north": {"uv": [3, 16, 13, 13], "texture": "#0", "cullface": "north"},
				"east": {"uv": [0, 16, 16, 13], "texture": "#0", "cullface": "east"},
				"south": {"uv": [0, 16, 16, 13], "texture": "#0", "cullface": "south"},
				"west": {"uv": [0, 16, 16, 13], "texture": "#0", "cullface": "west"},
				"up": {"uv": [3, 6, 13, 10], "texture": "#0"},
				"down": {"uv": [3, 6, 13, 10], "texture": "#0", "cullface": "down"}
			}
		},
		{
			"from": [3, 0, 0],
			"to": [13, 3, 3],
			"faces": {
				"north": {"uv": [3, 16, 13, 13], "texture": "#0", "cullface": "north"},
				"east": {"uv": [0, 16, 16, 13], "texture": "#0", "cullface": "east"},
				"south": {"uv": [3, 16, 13, 13], "texture": "#0", "cullface": "south"},
				"west": {"uv": [0, 16, 16, 13], "texture": "#0", "cullface": "west"},
				"up": {"uv": [3, 0, 13, 3], "texture": "#0"},
				"down": {"uv": [3, 13, 13, 16], "texture": "#0", "cullface": "down"}
			}
		},
		{
			"from": [13, 0, 0],
			"to": [16, 3, 16],
			"faces": {
				"north": {"uv": [0, 16, 3, 13], "texture": "#0", "cullface": "north"},
				"east": {"uv": [0, 16, 16, 13], "texture": "#0", "cullface": "east"},
				"south": {"uv": [9, 16, 16, 13], "texture": "#0", "cullface": "south"},
				"west": {"uv": [0, 16, 16, 13], "texture": "#0", "cullface": "west"},
				"up": {"uv": [13, 0, 16, 16], "texture": "#0"},
				"down": {"uv": [13, 0, 16, 16], "texture": "#0", "cullface": "down"}
			}
		}
	],
	"groups": [
		{
			"name": "group",
			"origin": [8, 8, 8],
			"children": [0, 1, 2, 3, 4, 5, 6]
		}
	]
}