{
	"credit": "Made with Blockbench",
	"parent": "block/cube_all",
	"textures": {
		"0": "block/jukebox_side",
		"1": "block/jukebox_top",
		"particle": "block/jukebox_side"
	},
	"elements": [
		{
			"from": [9, 0, 0],
			"to": [16, 16, 16],
			"faces": {
				"north": {"uv": [0, 0, 9, 16], "texture": "#0"},
				"east": {"uv": [0, 0, 16, 16], "texture": "#0"},
				"south": {"uv": [7, 0, 16, 16], "texture": "#0"},
				"west": {"uv": [0, 0, 16, 16], "texture": "#0"},
				"up": {"uv": [9, 0, 16, 16], "texture": "#1"},
				"down": {"uv": [7, 0, 16, 16], "texture": "#0"}
			}
		},
		{
			"from": [7, 0, 0],
			"to": [9, 16, 3],
			"faces": {
				"north": {"uv": [7, 0, 9, 16], "texture": "#0"},
				"east": {"uv": [0, 0, 16, 16], "texture": "#0"},
				"south": {"uv": [7, 0, 16, 16], "texture": "#0"},
				"west": {"uv": [0, 0, 16, 16], "texture": "#0"},
				"up": {"uv": [6, 0, 10, 3], "texture": "#1"},
				"down": {"uv": [7, 13, 9, 16], "texture": "#0"}
			}
		},
		{
			"from": [7, 0, 13],
			"to": [9, 16, 16],
			"faces": {
				"north": {"uv": [7, 0, 9, 16], "texture": "#0"},
				"east": {"uv": [0, 0, 16, 16], "texture": "#0"},
				"south": {"uv": [7, 0, 9, 16], "texture": "#0"},
				"west": {"uv": [0, 0, 16, 16], "texture": "#0"},
				"up": {"uv": [6, 13, 10, 16], "texture": "#1"},
				"down": {"uv": [7, 0, 9, 3], "texture": "#0"}
			}
		},
		{
			"from": [7, 0, 3],
			"to": [9, 15, 13],
			"faces": {
				"east": {"uv": [0, 0, 16, 16], "texture": "#0"},
				"west": {"uv": [0, 0, 16, 16], "texture": "#0"},
				"up": {"uv": [7, 3, 9, 13], "texture": "#1"},
				"down": {"uv": [7, 3, 9, 13], "texture": "#0"}
			}
		},
		{
			"from": [0, 0, 0],
			"to": [7, 16, 16],
			"faces": {
				"north": {"uv": [7, 0, 16, 16], "texture": "#0"},
				"east": {"uv": [0, 0, 16, 16], "texture": "#0"},
				"south": {"uv": [0, 0, 9, 16], "texture": "#0"},
				"west": {"uv": [0, 0, 16, 16], "texture": "#0"},
				"up": {"uv": [0, 0, 7, 16], "texture": "#1"},
				"down": {"uv": [0, 0, 9, 16], "texture": "#0"}
			}
		}
	]
}