{
	"credit": "Made with Blockbench",
	"ambientocclusion": false,
	"textures": {
		"0": "block/ladder",
		"particle": "block/ladder"
	},
	"elements": [
		{
			"from": [12, 0, 15],
			"to": [14, 16, 16],
			"rotation": {"angle": 0, "axis": "y", "origin": [8, 8, 10]},
			"faces": {
				"north": {"uv": [2, 0, 4, 16], "texture": "#0"},
				"east": {"uv": [2, 0, 3, 16], "texture": "#0"},
				"south": {"uv": [2, 0, 4, 16], "texture": "#0"},
				"west": {"uv": [3, 0, 4, 16], "texture": "#0"},
				"up": {"uv": [2, 0, 4, 1], "texture": "#0"},
				"down": {"uv": [2, 15, 4, 16], "texture": "#0"}
			}
		},
		{
			"from": [2, 0, 15],
			"to": [4, 16, 16],
			"rotation": {"angle": 0, "axis": "y", "origin": [8, 8, 10]},
			"faces": {
				"north": {"uv": [2, 0, 4, 16], "texture": "#0"},
				"east": {"uv": [2, 0, 3, 16], "texture": "#0"},
				"south": {"uv": [2, 0, 4, 16], "texture": "#0"},
				"west": {"uv": [3, 0, 4, 16], "texture": "#0"},
				"up": {"uv": [2, 0, 4, 1], "texture": "#0"},
				"down": {"uv": [2, 15, 4, 16], "texture": "#0"}
			}
		},
		{
			"from": [14, 13, 15],
			"to": [15, 15, 16],
			"rotation": {"angle": 0, "axis": "y", "origin": [8, 8, 10]},
			"faces": {
				"north": {"uv": [1, 5, 2, 7], "texture": "#0"},
				"east": {"uv": [1, 5, 2, 7], "texture": "#0"},
				"south": {"uv": [1, 5, 2, 7], "texture": "#0"},
				"west": {"uv": [1, 5, 2, 7], "texture": "#0"},
				"up": {"uv": [1, 5, 2, 6], "texture": "#0"},
				"down": {"uv": [1, 6, 2, 7], "texture": "#0"}
			}
		},
		{
			"from": [14, 9, 15],
			"to": [15, 11, 16],
			"rotation": {"angle": 0, "axis": "y", "origin": [8, 8, 10]},
			"faces": {
				"north": {"uv": [1, 5, 2, 7], "texture": "#0"},
				"east": {"uv": [1, 5, 2, 7], "texture": "#0"},
				"south": {"uv": [1, 5, 2, 7], "texture": "#0"},
				"west": {"uv": [1, 5, 2, 7], "texture": "#0"},
				"up": {"uv": [1, 5, 2, 6], "texture": "#0"},
				"down": {"uv": [1, 6, 2, 7], "texture": "#0"}
			}
		},
		{
			"from": [14, 5, 15],
			"to": [15, 7, 16],
			"rotation": {"angle": 0, "axis": "y", "origin": [8, 8, 10]},
			"faces": {
				"north": {"uv": [1, 5, 2, 7], "texture": "#0"},
				"east": {"uv": [1, 5, 2, 7], "texture": "#0"},
				"south": {"uv": [1, 5, 2, 7], "texture": "#0"},
				"west": {"uv": [1, 5, 2, 7], "texture": "#0"},
				"up": {"uv": [1, 5, 2, 6], "texture": "#0"},
				"down": {"uv": [1, 6, 2, 7], "texture": "#0"}
			}
		},
		{
			"from": [14, 1, 15],
			"to": [15, 3, 16],
			"rotation": {"angle": 0, "axis": "y", "origin": [8, 8, 10]},
			"faces": {
				"north": {"uv": [1, 5, 2, 7], "texture": "#0"},
				"east": {"uv": [1, 5, 2, 7], "texture": "#0"},
				"south": {"uv": [1, 5, 2, 7], "texture": "#0"},
				"west": {"uv": [1, 5, 2, 7], "texture": "#0"},
				"up": {"uv": [1, 5, 2, 6], "texture": "#0"},
				"down": {"uv": [1, 6, 2, 7], "texture": "#0"}
			}
		},
		{
			"from": [1, 1, 15],
			"to": [2, 3, 16],
			"rotation": {"angle": 0, "axis": "y", "origin": [8, 8, 10]},
			"faces": {
				"north": {"uv": [1, 5, 2, 7], "texture": "#0"},
				"east": {"uv": [1, 5, 2, 7], "texture": "#0"},
				"south": {"uv": [1, 5, 2, 7], "texture": "#0"},
				"west": {"uv": [1, 5, 2, 7], "texture": "#0"},
				"up": {"uv": [1, 5, 2, 6], "texture": "#0"},
				"down": {"uv": [1, 6, 2, 7], "texture": "#0"}
			}
		},
		{
			"from": [1, 5, 15],
			"to": [2, 7, 16],
			"rotation": {"angle": 0, "axis": "y", "origin": [8, 8, 10]},
			"faces": {
				"north": {"uv": [1, 5, 2, 7], "texture": "#0"},
				"east": {"uv": [1, 5, 2, 7], "texture": "#0"},
				"south": {"uv": [1, 5, 2, 7], "texture": "#0"},
				"west": {"uv": [1, 5, 2, 7], "texture": "#0"},
				"up": {"uv": [1, 5, 2, 6], "texture": "#0"},
				"down": {"uv": [1, 6, 2, 7], "texture": "#0"}
			}
		},
		{
			"from": [1, 9, 15],
			"to": [2, 11, 16],
			"rotation": {"angle": 0, "axis": "y", "origin": [8, 8, 10]},
			"faces": {
				"north": {"uv": [1, 5, 2, 7], "texture": "#0"},
				"east": {"uv": [1, 5, 2, 7], "texture": "#0"},
				"south": {"uv": [1, 5, 2, 7], "texture": "#0"},
				"west": {"uv": [1, 5, 2, 7], "texture": "#0"},
				"up": {"uv": [1, 5, 2, 6], "texture": "#0"},
				"down": {"uv": [1, 6, 2, 7], "texture": "#0"}
			}
		},
		{
			"from": [1, 13, 15],
			"to": [2, 15, 16],
			"rotation": {"angle": 0, "axis": "y", "origin": [8, 8, 10]},
			"faces": {
				"north": {"uv": [1, 5, 2, 7], "texture": "#0"},
				"east": {"uv": [1, 5, 2, 7], "texture": "#0"},
				"south": {"uv": [1, 5, 2, 7], "texture": "#0"},
				"west": {"uv": [1, 5, 2, 7], "texture": "#0"},
				"up": {"uv": [1, 5, 2, 6], "texture": "#0"},
				"down": {"uv": [1, 6, 2, 7], "texture": "#0"}
			}
		},
		{
			"from": [4, 13, 15],
			"to": [12, 15, 16],
			"rotation": {"angle": 0, "axis": "y", "origin": [8, 8, 10]},
			"faces": {
				"north": {"uv": [4, 1, 12, 3], "texture": "#0"},
				"east": {"uv": [4, 1, 12, 3], "texture": "#0"},
				"south": {"uv": [4, 1, 12, 3], "texture": "#0"},
				"west": {"uv": [4, 1, 12, 3], "texture": "#0"},
				"up": {"uv": [4, 1, 12, 2], "texture": "#0"},
				"down": {"uv": [4, 2, 12, 3], "texture": "#0"}
			}
		},
		{
			"from": [4, 9, 15],
			"to": [12, 11, 16],
			"rotation": {"angle": 0, "axis": "y", "origin": [8, 8, 10]},
			"faces": {
				"north": {"uv": [4, 5, 12, 7], "texture": "#0"},
				"east": {"uv": [4, 5, 12, 7], "texture": "#0"},
				"south": {"uv": [4, 5, 12, 7], "texture": "#0"},
				"west": {"uv": [4, 5, 12, 7], "texture": "#0"},
				"up": {"uv": [4, 5, 12, 6], "texture": "#0"},
				"down": {"uv": [4, 6, 12, 7], "texture": "#0"}
			}
		},
		{
			"from": [4, 5, 15],
			"to": [12, 7, 16],
			"rotation": {"angle": 0, "axis": "y", "origin": [8, 8, 10]},
			"faces": {
				"north": {"uv": [4, 9, 12, 11], "texture": "#0"},
				"east": {"uv": [4, 9, 12, 11], "texture": "#0"},
				"south": {"uv": [4, 9, 12, 11], "texture": "#0"},
				"west": {"uv": [4, 9, 12, 11], "texture": "#0"},
				"up": {"uv": [4, 9, 12, 10], "texture": "#0"},
				"down": {"uv": [4, 10, 12, 11], "texture": "#0"}
			}
		},
		{
			"from": [4, 1, 15],
			"to": [12, 3, 16],
			"rotation": {"angle": 0, "axis": "y", "origin": [8, 8, 10]},
			"faces": {
				"north": {"uv": [4, 13, 12, 15], "texture": "#0"},
				"east": {"uv": [4, 13, 12, 15], "texture": "#0"},
				"south": {"uv": [4, 13, 12, 15], "texture": "#0"},
				"west": {"uv": [4, 13, 12, 15], "texture": "#0"},
				"up": {"uv": [4, 13, 12, 14], "texture": "#0"},
				"down": {"uv": [4, 14, 12, 15], "texture": "#0"}
			}
		}
	],
	"display": {
		"thirdperson_righthand": {
			"translation": [0, 7, -7]
		}
	}
}