{
	"credit": "Made with Blockbench",
	"parent": "block/block",
	"textures": {
		"0": "block/lapis_ore",
		"particle": "block/lapis_ore"
	},
	"elements": [
		{
			"from": [0, 0, 0],
			"to": [16, 16, 16],
			"faces": {
				"north": {"uv": [0, 0, 16, 16], "texture": "#0", "cullface": "north"},
				"east": {"uv": [0, 0, 16, 16], "texture": "#0", "cullface": "east"},
				"south": {"uv": [0, 0, 16, 16], "texture": "#0", "cullface": "south"},
				"west": {"uv": [0, 0, 16, 16], "texture": "#0", "cullface": "west"},
				"up": {"uv": [0, 0, 16, 16], "texture": "#0", "cullface": "up"},
				"down": {"uv": [0, 0, 16, 16], "texture": "#0", "cullface": "down"}
			}
		},
		{
			"from": [5, 3, 16],
			"to": [6, 4, 17],
			"faces": {
				"north": {"uv": [0, 0, 1, 1], "texture": "#missing"},
				"east": {"uv": [5, 12, 6, 13], "texture": "#0"},
				"south": {"uv": [5, 12, 6, 13], "texture": "#0"},
				"west": {"uv": [5, 12, 6, 13], "texture": "#0"},
				"up": {"uv": [5, 12, 6, 13], "texture": "#0"},
				"down": {"uv": [5, 12, 6, 13], "texture": "#0"}
			}
		},
		{
			"from": [2, 13, 16],
			"to": [6, 14, 17],
			"faces": {
				"north": {"uv": [0, 0, 4, 1], "texture": "#missing"},
				"east": {"uv": [5, 2, 6, 3], "texture": "#0"},
				"south": {"uv": [2, 2, 6, 3], "texture": "#0"},
				"west": {"uv": [2, 2, 3, 3], "texture": "#0"},
				"up": {"uv": [2, 2, 6, 3], "texture": "#0"},
				"down": {"uv": [2, 2, 6, 3], "texture": "#0"}
			}
		},
		{
			"from": [5, 12, 16],
			"to": [6, 13, 17],
			"faces": {
				"north": {"uv": [0, 0, 1, 1], "texture": "#missing"},
				"east": {"uv": [5, 3, 6, 4], "texture": "#0"},
				"south": {"uv": [5, 3, 6, 4], "texture": "#0"},
				"west": {"uv": [5, 3, 6, 4], "texture": "#0"},
				"up": {"uv": [5, 3, 6, 4], "texture": "#0"},
				"down": {"uv": [5, 3, 6, 4], "texture": "#0"}
			}
		},
		{
			"from": [7, 12, 16],
			"to": [9, 13, 17],
			"faces": {
				"north": {"uv": [0, 0, 1, 1], "texture": "#missing"},
				"east": {"uv": [8, 3, 9, 4], "texture": "#0"},
				"south": {"uv": [7, 3, 9, 4], "texture": "#0"},
				"west": {"uv": [7, 3, 8, 4], "texture": "#0"},
				"up": {"uv": [7, 3, 9, 4], "texture": "#0"},
				"down": {"uv": [7, 3, 9, 4], "texture": "#0"}
			}
		},
		{
			"from": [12, 13, 16],
			"to": [14, 14, 17],
			"faces": {
				"north": {"uv": [0, 0, 1, 1], "texture": "#missing"},
				"east": {"uv": [13, 2, 14, 3], "texture": "#0"},
				"south": {"uv": [12, 2, 14, 3], "texture": "#0"},
				"west": {"uv": [12, 2, 13, 3], "texture": "#0"},
				"up": {"uv": [12, 2, 14, 3], "texture": "#0"},
				"down": {"uv": [7, 3, 9, 4], "texture": "#0"}
			}
		},
		{
			"from": [10, 9, 16],
			"to": [12, 11, 17],
			"faces": {
				"north": {"uv": [0, 0, 1, 1], "texture": "#missing"},
				"east": {"uv": [11, 5, 12, 7], "texture": "#0"},
				"south": {"uv": [10, 5, 12, 7], "texture": "#0"},
				"west": {"uv": [10, 5, 11, 7], "texture": "#0"},
				"up": {"uv": [10, 5, 12, 6], "texture": "#0"},
				"down": {"uv": [10, 6, 12, 7], "texture": "#0"}
			}
		},
		{
			"from": [1, 7, 16],
			"to": [3, 9, 17],
			"faces": {
				"north": {"uv": [0, 0, 1, 1], "texture": "#missing"},
				"east": {"uv": [2, 7, 3, 9], "texture": "#0"},
				"south": {"uv": [1, 7, 3, 9], "texture": "#0"},
				"west": {"uv": [1, 7, 2, 9], "texture": "#0"},
				"up": {"uv": [1, 7, 3, 8], "texture": "#0"},
				"down": {"uv": [1, 8, 3, 9], "texture": "#0"}
			}
		},
		{
			"from": [5, 9, 16],
			"to": [7, 11, 17],
			"faces": {
				"north": {"uv": [0, 0, 1, 1], "texture": "#missing"},
				"east": {"uv": [6, 5, 7, 7], "texture": "#0"},
				"south": {"uv": [5, 5, 7, 7], "texture": "#0"},
				"west": {"uv": [5, 5, 6, 7], "texture": "#0"},
				"up": {"uv": [5, 5, 7, 6], "texture": "#0"},
				"down": {"uv": [5, 6, 7, 7], "texture": "#0"}
			}
		},
		{
			"from": [3, 9, 16],
			"to": [5, 10, 17],
			"faces": {
				"north": {"uv": [0, 0, 1, 1], "texture": "#missing"},
				"east": {"uv": [4, 6, 5, 7], "texture": "#0"},
				"south": {"uv": [3, 6, 5, 7], "texture": "#0"},
				"west": {"uv": [3, 6, 4, 7], "texture": "#0"},
				"up": {"uv": [3, 6, 5, 7], "texture": "#0"},
				"down": {"uv": [3, 6, 5, 7], "texture": "#0"}
			}
		},
		{
			"from": [7, 9, 16],
			"to": [8, 10, 17],
			"faces": {
				"north": {"uv": [0, 0, 1, 1], "texture": "#missing"},
				"east": {"uv": [7, 6, 8, 7], "texture": "#0"},
				"south": {"uv": [7, 6, 8, 7], "texture": "#0"},
				"west": {"uv": [7, 6, 8, 7], "texture": "#0"},
				"up": {"uv": [7, 6, 8, 7], "texture": "#0"},
				"down": {"uv": [7, 6, 8, 7], "texture": "#0"}
			}
		},
		{
			"from": [10, 6, 16],
			"to": [12, 8, 17],
			"faces": {
				"north": {"uv": [0, 0, 1, 1], "texture": "#missing"},
				"east": {"uv": [11, 8, 12, 10], "texture": "#0"},
				"south": {"uv": [10, 8, 12, 10], "texture": "#0"},
				"west": {"uv": [10, 8, 11, 10], "texture": "#0"},
				"up": {"uv": [10, 8, 12, 9], "texture": "#0"},
				"down": {"uv": [10, 9, 12, 10], "texture": "#0"}
			}
		},
		{
			"from": [8, 5, 16],
			"to": [10, 7, 17],
			"faces": {
				"north": {"uv": [0, 0, 1, 1], "texture": "#missing"},
				"east": {"uv": [9, 9, 10, 11], "texture": "#0"},
				"south": {"uv": [8, 9, 10, 11], "texture": "#0"},
				"west": {"uv": [8, 9, 9, 11], "texture": "#0"},
				"up": {"uv": [9, 9, 11, 10], "texture": "#0"},
				"down": {"uv": [9, 10, 11, 11], "texture": "#0"}
			}
		},
		{
			"from": [9, 7, 16],
			"to": [10, 8, 17],
			"faces": {
				"north": {"uv": [0, 0, 1, 1], "texture": "#missing"},
				"east": {"uv": [9, 8, 10, 9], "texture": "#0"},
				"south": {"uv": [9, 8, 10, 9], "texture": "#0"},
				"west": {"uv": [9, 8, 10, 9], "texture": "#0"},
				"up": {"uv": [9, 8, 10, 9], "texture": "#0"},
				"down": {"uv": [9, 8, 10, 9], "texture": "#0"}
			}
		},
		{
			"from": [10, 5, 16],
			"to": [11, 6, 17],
			"faces": {
				"north": {"uv": [0, 0, 1, 1], "texture": "#missing"},
				"east": {"uv": [10, 10, 11, 11], "texture": "#0"},
				"south": {"uv": [10, 10, 11, 11], "texture": "#0"},
				"west": {"uv": [10, 10, 11, 11], "texture": "#0"},
				"up": {"uv": [10, 10, 11, 11], "texture": "#0"},
				"down": {"uv": [10, 10, 11, 11], "texture": "#0"}
			}
		},
		{
			"from": [7, 6, 16],
			"to": [8, 8, 17],
			"faces": {
				"north": {"uv": [0, 0, 1, 2], "texture": "#missing"},
				"east": {"uv": [7, 8, 8, 10], "texture": "#0"},
				"south": {"uv": [7, 8, 8, 10], "texture": "#0"},
				"west": {"uv": [7, 8, 8, 10], "texture": "#0"},
				"up": {"uv": [7, 8, 8, 9], "texture": "#0"},
				"down": {"uv": [7, 9, 8, 10], "texture": "#0"}
			}
		},
		{
			"from": [8, 2, 16],
			"to": [10, 4, 17],
			"faces": {
				"north": {"uv": [0, 0, 1, 1], "texture": "#missing"},
				"east": {"uv": [9, 12, 10, 14], "texture": "#0"},
				"south": {"uv": [8, 12, 10, 14], "texture": "#0"},
				"west": {"uv": [8, 12, 9, 14], "texture": "#0"},
				"up": {"uv": [8, 12, 10, 13], "texture": "#0"},
				"down": {"uv": [8, 13, 10, 14], "texture": "#0"}
			}
		},
		{
			"from": [10, 2, 16],
			"to": [11, 4, 17],
			"faces": {
				"north": {"uv": [0, 0, 1, 2], "texture": "#missing"},
				"east": {"uv": [10, 12, 11, 14], "texture": "#0"},
				"south": {"uv": [10, 12, 11, 14], "texture": "#0"},
				"west": {"uv": [10, 12, 11, 14], "texture": "#0"},
				"up": {"uv": [10, 12, 11, 13], "texture": "#0"},
				"down": {"uv": [10, 13, 11, 14], "texture": "#0"}
			}
		},
		{
			"from": [13, 5, 16],
			"to": [15, 7, 17],
			"faces": {
				"north": {"uv": [0, 0, 1, 1], "texture": "#missing"},
				"east": {"uv": [14, 9, 15, 11], "texture": "#0"},
				"south": {"uv": [13, 9, 15, 11], "texture": "#0"},
				"west": {"uv": [13, 9, 14, 11], "texture": "#0"},
				"up": {"uv": [13, 9, 15, 10], "texture": "#0"},
				"down": {"uv": [13, 10, 15, 11], "texture": "#0"}
			}
		},
		{
			"from": [13, 3, 16],
			"to": [15, 5, 17],
			"faces": {
				"north": {"uv": [0, 0, 1, 1], "texture": "#missing"},
				"east": {"uv": [14, 11, 15, 13], "texture": "#0"},
				"south": {"uv": [13, 11, 15, 13], "texture": "#0"},
				"west": {"uv": [13, 11, 14, 13], "texture": "#0"},
				"up": {"uv": [13, 11, 15, 12], "texture": "#0"},
				"down": {"uv": [13, 12, 15, 13], "texture": "#0"}
			}
		},
		{
			"from": [4, 4, 16],
			"to": [5, 6, 17],
			"faces": {
				"north": {"uv": [0, 0, 1, 2], "texture": "#missing"},
				"east": {"uv": [4, 10, 5, 12], "texture": "#0"},
				"south": {"uv": [4, 10, 5, 12], "texture": "#0"},
				"west": {"uv": [4, 10, 5, 12], "texture": "#0"},
				"up": {"uv": [4, 10, 5, 11], "texture": "#0"},
				"down": {"uv": [4, 11, 5, 12], "texture": "#0"}
			}
		},
		{
			"from": [2, 4, 16],
			"to": [4, 5, 17],
			"faces": {
				"north": {"uv": [0, 0, 1, 1], "texture": "#missing"},
				"east": {"uv": [3, 11, 4, 12], "texture": "#0"},
				"south": {"uv": [2, 11, 4, 12], "texture": "#0"},
				"west": {"uv": [2, 11, 3, 12], "texture": "#0"},
				"up": {"uv": [2, 11, 4, 12], "texture": "#0"},
				"down": {"uv": [2, 11, 4, 12], "texture": "#0"}
			}
		},
		{
			"from": [4, 1, 16],
			"to": [6, 3, 17],
			"rotation": {"angle": 0, "axis": "y", "origin": [4, 7, 8]},
			"faces": {
				"north": {"uv": [0, 0, 1, 1], "texture": "#missing"},
				"east": {"uv": [5, 13, 6, 15], "texture": "#0"},
				"south": {"uv": [4, 13, 6, 15], "texture": "#0"},
				"west": {"uv": [4, 13, 5, 15], "texture": "#0"},
				"up": {"uv": [4, 13, 6, 14], "texture": "#0"},
				"down": {"uv": [4, 14, 6, 15], "texture": "#0"}
			}
		},
		{
			"from": [6, 1, 16],
			"to": [7, 3, 17],
			"rotation": {"angle": 0, "axis": "y", "origin": [4, 7, 8]},
			"faces": {
				"north": {"uv": [0, 0, 1, 2], "texture": "#missing"},
				"east": {"uv": [6, 13, 7, 15], "texture": "#0"},
				"south": {"uv": [6, 13, 7, 15], "texture": "#0"},
				"west": {"uv": [6, 13, 7, 15], "texture": "#0"},
				"up": {"uv": [6, 13, 7, 14], "texture": "#0"},
				"down": {"uv": [6, 14, 7, 15], "texture": "#0"}
			}
		},
		{
			"from": [-1, 3, 5],
			"to": [0, 4, 6],
			"faces": {
				"north": {"uv": [5, 12, 6, 13], "texture": "#0"},
				"east": {"uv": [0, 0, 1, 1], "texture": "#missing"},
				"south": {"uv": [5, 12, 6, 13], "texture": "#0"},
				"west": {"uv": [5, 12, 6, 13], "texture": "#0"},
				"up": {"uv": [5, 12, 6, 13], "rotation": 90, "texture": "#0"},
				"down": {"uv": [5, 12, 6, 13], "rotation": 270, "texture": "#0"}
			}
		},
		{
			"from": [-1, 13, 2],
			"to": [0, 14, 6],
			"faces": {
				"north": {"uv": [2, 2, 3, 3], "texture": "#0"},
				"east": {"uv": [0, 0, 4, 1], "texture": "#missing"},
				"south": {"uv": [5, 2, 6, 3], "texture": "#0"},
				"west": {"uv": [2, 2, 6, 3], "texture": "#0"},
				"up": {"uv": [2, 2, 6, 3], "rotation": 90, "texture": "#0"},
				"down": {"uv": [2, 2, 6, 3], "rotation": 270, "texture": "#0"}
			}
		},
		{
			"from": [-1, 12, 5],
			"to": [0, 13, 6],
			"faces": {
				"north": {"uv": [5, 3, 6, 4], "texture": "#0"},
				"east": {"uv": [0, 0, 1, 1], "texture": "#missing"},
				"south": {"uv": [5, 3, 6, 4], "texture": "#0"},
				"west": {"uv": [5, 3, 6, 4], "texture": "#0"},
				"up": {"uv": [5, 3, 6, 4], "rotation": 90, "texture": "#0"},
				"down": {"uv": [5, 3, 6, 4], "rotation": 270, "texture": "#0"}
			}
		},
		{
			"from": [-1, 12, 7],
			"to": [0, 13, 9],
			"faces": {
				"north": {"uv": [7, 3, 8, 4], "texture": "#0"},
				"east": {"uv": [0, 0, 1, 1], "texture": "#missing"},
				"south": {"uv": [8, 3, 9, 4], "texture": "#0"},
				"west": {"uv": [7, 3, 9, 4], "texture": "#0"},
				"up": {"uv": [7, 3, 9, 4], "rotation": 90, "texture": "#0"},
				"down": {"uv": [7, 3, 9, 4], "rotation": 270, "texture": "#0"}
			}
		},
		{
			"from": [-1, 13, 12],
			"to": [0, 14, 14],
			"faces": {
				"north": {"uv": [12, 2, 13, 3], "texture": "#0"},
				"east": {"uv": [0, 0, 1, 1], "texture": "#missing"},
				"south": {"uv": [13, 2, 14, 3], "texture": "#0"},
				"west": {"uv": [12, 2, 14, 3], "texture": "#0"},
				"up": {"uv": [12, 2, 14, 3], "rotation": 90, "texture": "#0"},
				"down": {"uv": [7, 3, 9, 4], "rotation": 270, "texture": "#0"}
			}
		},
		{
			"from": [-1, 9, 10],
			"to": [0, 11, 12],
			"faces": {
				"north": {"uv": [10, 5, 11, 7], "texture": "#0"},
				"east": {"uv": [0, 0, 1, 1], "texture": "#missing"},
				"south": {"uv": [11, 5, 12, 7], "texture": "#0"},
				"west": {"uv": [10, 5, 12, 7], "texture": "#0"},
				"up": {"uv": [10, 5, 12, 6], "rotation": 90, "texture": "#0"},
				"down": {"uv": [10, 6, 12, 7], "rotation": 270, "texture": "#0"}
			}
		},
		{
			"from": [-1, 7, 1],
			"to": [0, 9, 3],
			"faces": {
				"north": {"uv": [1, 7, 2, 9], "texture": "#0"},
				"east": {"uv": [0, 0, 1, 1], "texture": "#missing"},
				"south": {"uv": [2, 7, 3, 9], "texture": "#0"},
				"west": {"uv": [1, 7, 3, 9], "texture": "#0"},
				"up": {"uv": [1, 7, 3, 8], "rotation": 90, "texture": "#0"},
				"down": {"uv": [1, 8, 3, 9], "rotation": 270, "texture": "#0"}
			}
		},
		{
			"from": [-1, 9, 5],
			"to": [0, 11, 7],
			"faces": {
				"north": {"uv": [5, 5, 6, 7], "texture": "#0"},
				"east": {"uv": [0, 0, 1, 1], "texture": "#missing"},
				"south": {"uv": [6, 5, 7, 7], "texture": "#0"},
				"west": {"uv": [5, 5, 7, 7], "texture": "#0"},
				"up": {"uv": [5, 5, 7, 6], "rotation": 90, "texture": "#0"},
				"down": {"uv": [5, 6, 7, 7], "rotation": 270, "texture": "#0"}
			}
		},
		{
			"from": [-1, 9, 3],
			"to": [0, 10, 5],
			"faces": {
				"north": {"uv": [3, 6, 4, 7], "texture": "#0"},
				"east": {"uv": [0, 0, 1, 1], "texture": "#missing"},
				"south": {"uv": [4, 6, 5, 7], "texture": "#0"},
				"west": {"uv": [3, 6, 5, 7], "texture": "#0"},
				"up": {"uv": [3, 6, 5, 7], "rotation": 90, "texture": "#0"},
				"down": {"uv": [3, 6, 5, 7], "rotation": 270, "texture": "#0"}
			}
		},
		{
			"from": [-1, 9, 7],
			"to": [0, 10, 8],
			"faces": {
				"north": {"uv": [7, 6, 8, 7], "texture": "#0"},
				"east": {"uv": [0, 0, 1, 1], "texture": "#missing"},
				"south": {"uv": [7, 6, 8, 7], "texture": "#0"},
				"west": {"uv": [7, 6, 8, 7], "texture": "#0"},
				"up": {"uv": [7, 6, 8, 7], "rotation": 90, "texture": "#0"},
				"down": {"uv": [7, 6, 8, 7], "rotation": 270, "texture": "#0"}
			}
		},
		{
			"from": [-1, 6, 10],
			"to": [0, 8, 12],
			"faces": {
				"north": {"uv": [10, 8, 11, 10], "texture": "#0"},
				"east": {"uv": [0, 0, 1, 1], "texture": "#missing"},
				"south": {"uv": [11, 8, 12, 10], "texture": "#0"},
				"west": {"uv": [10, 8, 12, 10], "texture": "#0"},
				"up": {"uv": [10, 8, 12, 9], "rotation": 90, "texture": "#0"},
				"down": {"uv": [10, 9, 12, 10], "rotation": 270, "texture": "#0"}
			}
		},
		{
			"from": [-1, 5, 8],
			"to": [0, 7, 10],
			"faces": {
				"north": {"uv": [8, 9, 9, 11], "texture": "#0"},
				"east": {"uv": [0, 0, 1, 1], "texture": "#missing"},
				"south": {"uv": [9, 9, 10, 11], "texture": "#0"},
				"west": {"uv": [8, 9, 10, 11], "texture": "#0"},
				"up": {"uv": [9, 9, 11, 10], "rotation": 90, "texture": "#0"},
				"down": {"uv": [9, 10, 11, 11], "rotation": 270, "texture": "#0"}
			}
		},
		{
			"from": [-1, 7, 9],
			"to": [0, 8, 10],
			"faces": {
				"north": {"uv": [9, 8, 10, 9], "texture": "#0"},
				"east": {"uv": [0, 0, 1, 1], "texture": "#missing"},
				"south": {"uv": [9, 8, 10, 9], "texture": "#0"},
				"west": {"uv": [9, 8, 10, 9], "texture": "#0"},
				"up": {"uv": [9, 8, 10, 9], "rotation": 90, "texture": "#0"},
				"down": {"uv": [9, 8, 10, 9], "rotation": 270, "texture": "#0"}
			}
		},
		{
			"from": [-1, 5, 10],
			"to": [0, 6, 11],
			"faces": {
				"north": {"uv": [10, 10, 11, 11], "texture": "#0"},
				"east": {"uv": [0, 0, 1, 1], "texture": "#missing"},
				"south": {"uv": [10, 10, 11, 11], "texture": "#0"},
				"west": {"uv": [10, 10, 11, 11], "texture": "#0"},
				"up": {"uv": [10, 10, 11, 11], "rotation": 90, "texture": "#0"},
				"down": {"uv": [10, 10, 11, 11], "rotation": 270, "texture": "#0"}
			}
		},
		{
			"from": [-1, 6, 7],
			"to": [0, 8, 8],
			"faces": {
				"north": {"uv": [7, 8, 8, 10], "texture": "#0"},
				"east": {"uv": [0, 0, 1, 2], "texture": "#missing"},
				"south": {"uv": [7, 8, 8, 10], "texture": "#0"},
				"west": {"uv": [7, 8, 8, 10], "texture": "#0"},
				"up": {"uv": [7, 8, 8, 9], "rotation": 90, "texture": "#0"},
				"down": {"uv": [7, 9, 8, 10], "rotation": 270, "texture": "#0"}
			}
		},
		{
			"from": [-1, 2, 8],
			"to": [0, 4, 10],
			"faces": {
				"north": {"uv": [8, 12, 9, 14], "texture": "#0"},
				"east": {"uv": [0, 0, 1, 1], "texture": "#missing"},
				"south": {"uv": [9, 12, 10, 14], "texture": "#0"},
				"west": {"uv": [8, 12, 10, 14], "texture": "#0"},
				"up": {"uv": [8, 12, 10, 13], "rotation": 90, "texture": "#0"},
				"down": {"uv": [8, 13, 10, 14], "rotation": 270, "texture": "#0"}
			}
		},
		{
			"from": [-1, 2, 10],
			"to": [0, 4, 11],
			"faces": {
				"north": {"uv": [10, 12, 11, 14], "texture": "#0"},
				"east": {"uv": [0, 0, 1, 2], "texture": "#missing"},
				"south": {"uv": [10, 12, 11, 14], "texture": "#0"},
				"west": {"uv": [10, 12, 11, 14], "texture": "#0"},
				"up": {"uv": [10, 12, 11, 13], "rotation": 90, "texture": "#0"},
				"down": {"uv": [10, 13, 11, 14], "rotation": 270, "texture": "#0"}
			}
		},
		{
			"from": [-1, 5, 13],
			"to": [0, 7, 15],
			"faces": {
				"north": {"uv": [13, 9, 14, 11], "texture": "#0"},
				"east": {"uv": [0, 0, 1, 1], "texture": "#missing"},
				"south": {"uv": [14, 9, 15, 11], "texture": "#0"},
				"west": {"uv": [13, 9, 15, 11], "texture": "#0"},
				"up": {"uv": [13, 9, 15, 10], "rotation": 90, "texture": "#0"},
				"down": {"uv": [13, 10, 15, 11], "rotation": 270, "texture": "#0"}
			}
		},
		{
			"from": [-1, 3, 13],
			"to": [0, 5, 15],
			"faces": {
				"north": {"uv": [13, 11, 14, 13], "texture": "#0"},
				"east": {"uv": [0, 0, 1, 1], "texture": "#missing"},
				"south": {"uv": [14, 11, 15, 13], "texture": "#0"},
				"west": {"uv": [13, 11, 15, 13], "texture": "#0"},
				"up": {"uv": [13, 11, 15, 12], "rotation": 90, "texture": "#0"},
				"down": {"uv": [13, 12, 15, 13], "rotation": 270, "texture": "#0"}
			}
		},
		{
			"from": [-1, 4, 4],
			"to": [0, 6, 5],
			"faces": {
				"north": {"uv": [4, 10, 5, 12], "texture": "#0"},
				"east": {"uv": [0, 0, 1, 2], "texture": "#missing"},
				"south": {"uv": [4, 10, 5, 12], "texture": "#0"},
				"west": {"uv": [4, 10, 5, 12], "texture": "#0"},
				"up": {"uv": [4, 10, 5, 11], "rotation": 90, "texture": "#0"},
				"down": {"uv": [4, 11, 5, 12], "rotation": 270, "texture": "#0"}
			}
		},
		{
			"from": [-1, 4, 2],
			"to": [0, 5, 4],
			"faces": {
				"north": {"uv": [2, 11, 3, 12], "texture": "#0"},
				"east": {"uv": [0, 0, 1, 1], "texture": "#missing"},
				"south": {"uv": [3, 11, 4, 12], "texture": "#0"},
				"west": {"uv": [2, 11, 4, 12], "texture": "#0"},
				"up": {"uv": [2, 11, 4, 12], "rotation": 90, "texture": "#0"},
				"down": {"uv": [2, 11, 4, 12], "rotation": 270, "texture": "#0"}
			}
		},
		{
			"from": [-1, 1, 4],
			"to": [0, 3, 6],
			"faces": {
				"north": {"uv": [4, 13, 5, 15], "texture": "#0"},
				"east": {"uv": [0, 0, 1, 1], "texture": "#missing"},
				"south": {"uv": [5, 13, 6, 15], "texture": "#0"},
				"west": {"uv": [4, 13, 6, 15], "texture": "#0"},
				"up": {"uv": [4, 13, 6, 14], "rotation": 90, "texture": "#0"},
				"down": {"uv": [4, 14, 6, 15], "rotation": 270, "texture": "#0"}
			}
		},
		{
			"from": [-1, 1, 6],
			"to": [0, 3, 7],
			"faces": {
				"north": {"uv": [6, 13, 7, 15], "texture": "#0"},
				"east": {"uv": [0, 0, 1, 2], "texture": "#missing"},
				"south": {"uv": [6, 13, 7, 15], "texture": "#0"},
				"west": {"uv": [6, 13, 7, 15], "texture": "#0"},
				"up": {"uv": [6, 13, 7, 14], "rotation": 90, "texture": "#0"},
				"down": {"uv": [6, 14, 7, 15], "rotation": 270, "texture": "#0"}
			}
		},
		{
			"from": [10, 3, -1],
			"to": [11, 4, 0],
			"faces": {
				"north": {"uv": [5, 12, 6, 13], "texture": "#0"},
				"east": {"uv": [5, 12, 6, 13], "texture": "#0"},
				"south": {"uv": [0, 0, 1, 1], "texture": "#missing"},
				"west": {"uv": [5, 12, 6, 13], "texture": "#0"},
				"up": {"uv": [5, 12, 6, 13], "rotation": 180, "texture": "#0"},
				"down": {"uv": [5, 12, 6, 13], "rotation": 180, "texture": "#0"}
			}
		},
		{
			"from": [10, 13, -1],
			"to": [14, 14, 0],
			"faces": {
				"north": {"uv": [2, 2, 6, 3], "texture": "#0"},
				"east": {"uv": [2, 2, 3, 3], "texture": "#0"},
				"south": {"uv": [0, 0, 4, 1], "texture": "#missing"},
				"west": {"uv": [5, 2, 6, 3], "texture": "#0"},
				"up": {"uv": [2, 2, 6, 3], "rotation": 180, "texture": "#0"},
				"down": {"uv": [2, 2, 6, 3], "rotation": 180, "texture": "#0"}
			}
		},
		{
			"from": [10, 12, -1],
			"to": [11, 13, 0],
			"faces": {
				"north": {"uv": [5, 3, 6, 4], "texture": "#0"},
				"east": {"uv": [5, 3, 6, 4], "texture": "#0"},
				"south": {"uv": [0, 0, 1, 1], "texture": "#missing"},
				"west": {"uv": [5, 3, 6, 4], "texture": "#0"},
				"up": {"uv": [5, 3, 6, 4], "rotation": 180, "texture": "#0"},
				"down": {"uv": [5, 3, 6, 4], "rotation": 180, "texture": "#0"}
			}
		},
		{
			"from": [7, 12, -1],
			"to": [9, 13, 0],
			"faces": {
				"north": {"uv": [7, 3, 9, 4], "texture": "#0"},
				"east": {"uv": [7, 3, 8, 4], "texture": "#0"},
				"south": {"uv": [0, 0, 1, 1], "texture": "#missing"},
				"west": {"uv": [8, 3, 9, 4], "texture": "#0"},
				"up": {"uv": [7, 3, 9, 4], "rotation": 180, "texture": "#0"},
				"down": {"uv": [7, 3, 9, 4], "rotation": 180, "texture": "#0"}
			}
		},
		{
			"from": [2, 13, -1],
			"to": [4, 14, 0],
			"faces": {
				"north": {"uv": [12, 2, 14, 3], "texture": "#0"},
				"east": {"uv": [12, 2, 13, 3], "texture": "#0"},
				"south": {"uv": [0, 0, 1, 1], "texture": "#missing"},
				"west": {"uv": [13, 2, 14, 3], "texture": "#0"},
				"up": {"uv": [12, 2, 14, 3], "rotation": 180, "texture": "#0"},
				"down": {"uv": [7, 3, 9, 4], "rotation": 180, "texture": "#0"}
			}
		},
		{
			"from": [4, 9, -1],
			"to": [6, 11, 0],
			"faces": {
				"north": {"uv": [10, 5, 12, 7], "texture": "#0"},
				"east": {"uv": [10, 5, 11, 7], "texture": "#0"},
				"south": {"uv": [0, 0, 1, 1], "texture": "#missing"},
				"west": {"uv": [11, 5, 12, 7], "texture": "#0"},
				"up": {"uv": [10, 5, 12, 6], "rotation": 180, "texture": "#0"},
				"down": {"uv": [10, 6, 12, 7], "rotation": 180, "texture": "#0"}
			}
		},
		{
			"from": [13, 7, -1],
			"to": [15, 9, 0],
			"faces": {
				"north": {"uv": [1, 7, 3, 9], "texture": "#0"},
				"east": {"uv": [1, 7, 2, 9], "texture": "#0"},
				"south": {"uv": [0, 0, 1, 1], "texture": "#missing"},
				"west": {"uv": [2, 7, 3, 9], "texture": "#0"},
				"up": {"uv": [1, 7, 3, 8], "rotation": 180, "texture": "#0"},
				"down": {"uv": [1, 8, 3, 9], "rotation": 180, "texture": "#0"}
			}
		},
		{
			"from": [9, 9, -1],
			"to": [11, 11, 0],
			"faces": {
				"north": {"uv": [5, 5, 7, 7], "texture": "#0"},
				"east": {"uv": [5, 5, 6, 7], "texture": "#0"},
				"south": {"uv": [0, 0, 1, 1], "texture": "#missing"},
				"west": {"uv": [6, 5, 7, 7], "texture": "#0"},
				"up": {"uv": [5, 5, 7, 6], "rotation": 180, "texture": "#0"},
				"down": {"uv": [5, 6, 7, 7], "rotation": 180, "texture": "#0"}
			}
		},
		{
			"from": [11, 9, -1],
			"to": [13, 10, 0],
			"faces": {
				"north": {"uv": [3, 6, 5, 7], "texture": "#0"},
				"east": {"uv": [3, 6, 4, 7], "texture": "#0"},
				"south": {"uv": [0, 0, 1, 1], "texture": "#missing"},
				"west": {"uv": [4, 6, 5, 7], "texture": "#0"},
				"up": {"uv": [3, 6, 5, 7], "rotation": 180, "texture": "#0"},
				"down": {"uv": [3, 6, 5, 7], "rotation": 180, "texture": "#0"}
			}
		},
		{
			"from": [8, 9, -1],
			"to": [9, 10, 0],
			"faces": {
				"north": {"uv": [7, 6, 8, 7], "texture": "#0"},
				"east": {"uv": [7, 6, 8, 7], "texture": "#0"},
				"south": {"uv": [0, 0, 1, 1], "texture": "#missing"},
				"west": {"uv": [7, 6, 8, 7], "texture": "#0"},
				"up": {"uv": [7, 6, 8, 7], "rotation": 180, "texture": "#0"},
				"down": {"uv": [7, 6, 8, 7], "rotation": 180, "texture": "#0"}
			}
		},
		{
			"from": [4, 6, -1],
			"to": [6, 8, 0],
			"faces": {
				"north": {"uv": [10, 8, 12, 10], "texture": "#0"},
				"east": {"uv": [10, 8, 11, 10], "texture": "#0"},
				"south": {"uv": [0, 0, 1, 1], "texture": "#missing"},
				"west": {"uv": [11, 8, 12, 10], "texture": "#0"},
				"up": {"uv": [10, 8, 12, 9], "rotation": 180, "texture": "#0"},
				"down": {"uv": [10, 9, 12, 10], "rotation": 180, "texture": "#0"}
			}
		},
		{
			"from": [6, 5, -1],
			"to": [8, 7, 0],
			"faces": {
				"north": {"uv": [8, 9, 10, 11], "texture": "#0"},
				"east": {"uv": [8, 9, 9, 11], "texture": "#0"},
				"south": {"uv": [0, 0, 1, 1], "texture": "#missing"},
				"west": {"uv": [9, 9, 10, 11], "texture": "#0"},
				"up": {"uv": [9, 9, 11, 10], "rotation": 180, "texture": "#0"},
				"down": {"uv": [9, 10, 11, 11], "rotation": 180, "texture": "#0"}
			}
		},
		{
			"from": [6, 7, -1],
			"to": [7, 8, 0],
			"faces": {
				"north": {"uv": [9, 8, 10, 9], "texture": "#0"},
				"east": {"uv": [9, 8, 10, 9], "texture": "#0"},
				"south": {"uv": [0, 0, 1, 1], "texture": "#missing"},
				"west": {"uv": [9, 8, 10, 9], "texture": "#0"},
				"up": {"uv": [9, 8, 10, 9], "rotation": 180, "texture": "#0"},
				"down": {"uv": [9, 8, 10, 9], "rotation": 180, "texture": "#0"}
			}
		},
		{
			"from": [5, 5, -1],
			"to": [6, 6, 0],
			"faces": {
				"north": {"uv": [10, 10, 11, 11], "texture": "#0"},
				"east": {"uv": [10, 10, 11, 11], "texture": "#0"},
				"south": {"uv": [0, 0, 1, 1], "texture": "#missing"},
				"west": {"uv": [10, 10, 11, 11], "texture": "#0"},
				"up": {"uv": [10, 10, 11, 11], "rotation": 180, "texture": "#0"},
				"down": {"uv": [10, 10, 11, 11], "rotation": 180, "texture": "#0"}
			}
		},
		{
			"from": [8, 6, -1],
			"to": [9, 8, 0],
			"faces": {
				"north": {"uv": [7, 8, 8, 10], "texture": "#0"},
				"east": {"uv": [7, 8, 8, 10], "texture": "#0"},
				"south": {"uv": [0, 0, 1, 2], "texture": "#missing"},
				"west": {"uv": [7, 8, 8, 10], "texture": "#0"},
				"up": {"uv": [7, 8, 8, 9], "rotation": 180, "texture": "#0"},
				"down": {"uv": [7, 9, 8, 10], "rotation": 180, "texture": "#0"}
			}
		},
		{
			"from": [6, 2, -1],
			"to": [8, 4, 0],
			"faces": {
				"north": {"uv": [8, 12, 10, 14], "texture": "#0"},
				"east": {"uv": [8, 12, 9, 14], "texture": "#0"},
				"south": {"uv": [0, 0, 1, 1], "texture": "#missing"},
				"west": {"uv": [9, 12, 10, 14], "texture": "#0"},
				"up": {"uv": [8, 12, 10, 13], "rotation": 180, "texture": "#0"},
				"down": {"uv": [8, 13, 10, 14], "rotation": 180, "texture": "#0"}
			}
		},
		{
			"from": [5, 2, -1],
			"to": [6, 4, 0],
			"faces": {
				"north": {"uv": [10, 12, 11, 14], "texture": "#0"},
				"east": {"uv": [10, 12, 11, 14], "texture": "#0"},
				"south": {"uv": [0, 0, 1, 2], "texture": "#missing"},
				"west": {"uv": [10, 12, 11, 14], "texture": "#0"},
				"up": {"uv": [10, 12, 11, 13], "rotation": 180, "texture": "#0"},
				"down": {"uv": [10, 13, 11, 14], "rotation": 180, "texture": "#0"}
			}
		},
		{
			"from": [1, 5, -1],
			"to": [3, 7, 0],
			"faces": {
				"north": {"uv": [13, 9, 15, 11], "texture": "#0"},
				"east": {"uv": [13, 9, 14, 11], "texture": "#0"},
				"south": {"uv": [0, 0, 1, 1], "texture": "#missing"},
				"west": {"uv": [14, 9, 15, 11], "texture": "#0"},
				"up": {"uv": [13, 9, 15, 10], "rotation": 180, "texture": "#0"},
				"down": {"uv": [13, 10, 15, 11], "rotation": 180, "texture": "#0"}
			}
		},
		{
			"from": [1, 3, -1],
			"to": [3, 5, 0],
			"faces": {
				"north": {"uv": [13, 11, 15, 13], "texture": "#0"},
				"east": {"uv": [13, 11, 14, 13], "texture": "#0"},
				"south": {"uv": [0, 0, 1, 1], "texture": "#missing"},
				"west": {"uv": [14, 11, 15, 13], "texture": "#0"},
				"up": {"uv": [13, 11, 15, 12], "rotation": 180, "texture": "#0"},
				"down": {"uv": [13, 12, 15, 13], "rotation": 180, "texture": "#0"}
			}
		},
		{
			"from": [11, 4, -1],
			"to": [12, 6, 0],
			"faces": {
				"north": {"uv": [4, 10, 5, 12], "texture": "#0"},
				"east": {"uv": [4, 10, 5, 12], "texture": "#0"},
				"south": {"uv": [0, 0, 1, 2], "texture": "#missing"},
				"west": {"uv": [4, 10, 5, 12], "texture": "#0"},
				"up": {"uv": [4, 10, 5, 11], "rotation": 180, "texture": "#0"},
				"down": {"uv": [4, 11, 5, 12], "rotation": 180, "texture": "#0"}
			}
		},
		{
			"from": [12, 4, -1],
			"to": [14, 5, 0],
			"faces": {
				"north": {"uv": [2, 11, 4, 12], "texture": "#0"},
				"east": {"uv": [2, 11, 3, 12], "texture": "#0"},
				"south": {"uv": [0, 0, 1, 1], "texture": "#missing"},
				"west": {"uv": [3, 11, 4, 12], "texture": "#0"},
				"up": {"uv": [2, 11, 4, 12], "rotation": 180, "texture": "#0"},
				"down": {"uv": [2, 11, 4, 12], "rotation": 180, "texture": "#0"}
			}
		},
		{
			"from": [10, 1, -1],
			"to": [12, 3, 0],
			"faces": {
				"north": {"uv": [4, 13, 6, 15], "texture": "#0"},
				"east": {"uv": [4, 13, 5, 15], "texture": "#0"},
				"south": {"uv": [0, 0, 1, 1], "texture": "#missing"},
				"west": {"uv": [5, 13, 6, 15], "texture": "#0"},
				"up": {"uv": [4, 13, 6, 14], "rotation": 180, "texture": "#0"},
				"down": {"uv": [4, 14, 6, 15], "rotation": 180, "texture": "#0"}
			}
		},
		{
			"from": [9, 1, -1],
			"to": [10, 3, 0],
			"faces": {
				"north": {"uv": [6, 13, 7, 15], "texture": "#0"},
				"east": {"uv": [6, 13, 7, 15], "texture": "#0"},
				"south": {"uv": [0, 0, 1, 2], "texture": "#missing"},
				"west": {"uv": [6, 13, 7, 15], "texture": "#0"},
				"up": {"uv": [6, 13, 7, 14], "rotation": 180, "texture": "#0"},
				"down": {"uv": [6, 14, 7, 15], "rotation": 180, "texture": "#0"}
			}
		},
		{
			"from": [16, 3, 10],
			"to": [17, 4, 11],
			"faces": {
				"north": {"uv": [5, 12, 6, 13], "texture": "#0"},
				"east": {"uv": [5, 12, 6, 13], "texture": "#0"},
				"south": {"uv": [5, 12, 6, 13], "texture": "#0"},
				"west": {"uv": [0, 0, 1, 1], "texture": "#missing"},
				"up": {"uv": [5, 12, 6, 13], "rotation": 270, "texture": "#0"},
				"down": {"uv": [5, 12, 6, 13], "rotation": 90, "texture": "#0"}
			}
		},
		{
			"from": [16, 13, 10],
			"to": [17, 14, 14],
			"faces": {
				"north": {"uv": [5, 2, 6, 3], "texture": "#0"},
				"east": {"uv": [2, 2, 6, 3], "texture": "#0"},
				"south": {"uv": [2, 2, 3, 3], "texture": "#0"},
				"west": {"uv": [0, 0, 4, 1], "texture": "#missing"},
				"up": {"uv": [2, 2, 6, 3], "rotation": 270, "texture": "#0"},
				"down": {"uv": [2, 2, 6, 3], "rotation": 90, "texture": "#0"}
			}
		},
		{
			"from": [16, 12, 10],
			"to": [17, 13, 11],
			"faces": {
				"north": {"uv": [5, 3, 6, 4], "texture": "#0"},
				"east": {"uv": [5, 3, 6, 4], "texture": "#0"},
				"south": {"uv": [5, 3, 6, 4], "texture": "#0"},
				"west": {"uv": [0, 0, 1, 1], "texture": "#missing"},
				"up": {"uv": [5, 3, 6, 4], "rotation": 270, "texture": "#0"},
				"down": {"uv": [5, 3, 6, 4], "rotation": 90, "texture": "#0"}
			}
		},
		{
			"from": [16, 12, 7],
			"to": [17, 13, 9],
			"faces": {
				"north": {"uv": [8, 3, 9, 4], "texture": "#0"},
				"east": {"uv": [7, 3, 9, 4], "texture": "#0"},
				"south": {"uv": [7, 3, 8, 4], "texture": "#0"},
				"west": {"uv": [0, 0, 1, 1], "texture": "#missing"},
				"up": {"uv": [7, 3, 9, 4], "rotation": 270, "texture": "#0"},
				"down": {"uv": [7, 3, 9, 4], "rotation": 90, "texture": "#0"}
			}
		},
		{
			"from": [16, 13, 2],
			"to": [17, 14, 4],
			"faces": {
				"north": {"uv": [13, 2, 14, 3], "texture": "#0"},
				"east": {"uv": [12, 2, 14, 3], "texture": "#0"},
				"south": {"uv": [12, 2, 13, 3], "texture": "#0"},
				"west": {"uv": [0, 0, 1, 1], "texture": "#missing"},
				"up": {"uv": [12, 2, 14, 3], "rotation": 270, "texture": "#0"},
				"down": {"uv": [7, 3, 9, 4], "rotation": 90, "texture": "#0"}
			}
		},
		{
			"from": [16, 9, 4],
			"to": [17, 11, 6],
			"faces": {
				"north": {"uv": [11, 5, 12, 7], "texture": "#0"},
				"east": {"uv": [10, 5, 12, 7], "texture": "#0"},
				"south": {"uv": [10, 5, 11, 7], "texture": "#0"},
				"west": {"uv": [0, 0, 1, 1], "texture": "#missing"},
				"up": {"uv": [10, 5, 12, 6], "rotation": 270, "texture": "#0"},
				"down": {"uv": [10, 6, 12, 7], "rotation": 90, "texture": "#0"}
			}
		},
		{
			"from": [16, 7, 13],
			"to": [17, 9, 15],
			"faces": {
				"north": {"uv": [2, 7, 3, 9], "texture": "#0"},
				"east": {"uv": [1, 7, 3, 9], "texture": "#0"},
				"south": {"uv": [1, 7, 2, 9], "texture": "#0"},
				"west": {"uv": [0, 0, 1, 1], "texture": "#missing"},
				"up": {"uv": [1, 7, 3, 8], "rotation": 270, "texture": "#0"},
				"down": {"uv": [1, 8, 3, 9], "rotation": 90, "texture": "#0"}
			}
		},
		{
			"from": [16, 9, 9],
			"to": [17, 11, 11],
			"faces": {
				"north": {"uv": [6, 5, 7, 7], "texture": "#0"},
				"east": {"uv": [5, 5, 7, 7], "texture": "#0"},
				"south": {"uv": [5, 5, 6, 7], "texture": "#0"},
				"west": {"uv": [0, 0, 1, 1], "texture": "#missing"},
				"up": {"uv": [5, 5, 7, 6], "rotation": 270, "texture": "#0"},
				"down": {"uv": [5, 6, 7, 7], "rotation": 90, "texture": "#0"}
			}
		},
		{
			"from": [16, 9, 11],
			"to": [17, 10, 13],
			"faces": {
				"north": {"uv": [4, 6, 5, 7], "texture": "#0"},
				"east": {"uv": [3, 6, 5, 7], "texture": "#0"},
				"south": {"uv": [3, 6, 4, 7], "texture": "#0"},
				"west": {"uv": [0, 0, 1, 1], "texture": "#missing"},
				"up": {"uv": [3, 6, 5, 7], "rotation": 270, "texture": "#0"},
				"down": {"uv": [3, 6, 5, 7], "rotation": 90, "texture": "#0"}
			}
		},
		{
			"from": [16, 9, 8],
			"to": [17, 10, 9],
			"faces": {
				"north": {"uv": [7, 6, 8, 7], "texture": "#0"},
				"east": {"uv": [7, 6, 8, 7], "texture": "#0"},
				"south": {"uv": [7, 6, 8, 7], "texture": "#0"},
				"west": {"uv": [0, 0, 1, 1], "texture": "#missing"},
				"up": {"uv": [7, 6, 8, 7], "rotation": 270, "texture": "#0"},
				"down": {"uv": [7, 6, 8, 7], "rotation": 90, "texture": "#0"}
			}
		},
		{
			"from": [16, 6, 4],
			"to": [17, 8, 6],
			"faces": {
				"north": {"uv": [11, 8, 12, 10], "texture": "#0"},
				"east": {"uv": [10, 8, 12, 10], "texture": "#0"},
				"south": {"uv": [10, 8, 11, 10], "texture": "#0"},
				"west": {"uv": [0, 0, 1, 1], "texture": "#missing"},
				"up": {"uv": [10, 8, 12, 9], "rotation": 270, "texture": "#0"},
				"down": {"uv": [10, 9, 12, 10], "rotation": 90, "texture": "#0"}
			}
		},
		{
			"from": [16, 5, 6],
			"to": [17, 7, 8],
			"faces": {
				"north": {"uv": [9, 9, 10, 11], "texture": "#0"},
				"east": {"uv": [8, 9, 10, 11], "texture": "#0"},
				"south": {"uv": [8, 9, 9, 11], "texture": "#0"},
				"west": {"uv": [0, 0, 1, 1], "texture": "#missing"},
				"up": {"uv": [9, 9, 11, 10], "rotation": 270, "texture": "#0"},
				"down": {"uv": [9, 10, 11, 11], "rotation": 90, "texture": "#0"}
			}
		},
		{
			"from": [16, 7, 6],
			"to": [17, 8, 7],
			"faces": {
				"north": {"uv": [9, 8, 10, 9], "texture": "#0"},
				"east": {"uv": [9, 8, 10, 9], "texture": "#0"},
				"south": {"uv": [9, 8, 10, 9], "texture": "#0"},
				"west": {"uv": [0, 0, 1, 1], "texture": "#missing"},
				"up": {"uv": [9, 8, 10, 9], "rotation": 270, "texture": "#0"},
				"down": {"uv": [9, 8, 10, 9], "rotation": 90, "texture": "#0"}
			}
		},
		{
			"from": [16, 5, 5],
			"to": [17, 6, 6],
			"faces": {
				"north": {"uv": [10, 10, 11, 11], "texture": "#0"},
				"east": {"uv": [10, 10, 11, 11], "texture": "#0"},
				"south": {"uv": [10, 10, 11, 11], "texture": "#0"},
				"west": {"uv": [0, 0, 1, 1], "texture": "#missing"},
				"up": {"uv": [10, 10, 11, 11], "rotation": 270, "texture": "#0"},
				"down": {"uv": [10, 10, 11, 11], "rotation": 90, "texture": "#0"}
			}
		},
		{
			"from": [16, 6, 8],
			"to": [17, 8, 9],
			"faces": {
				"north": {"uv": [7, 8, 8, 10], "texture": "#0"},
				"east": {"uv": [7, 8, 8, 10], "texture": "#0"},
				"south": {"uv": [7, 8, 8, 10], "texture": "#0"},
				"west": {"uv": [0, 0, 1, 2], "texture": "#missing"},
				"up": {"uv": [7, 8, 8, 9], "rotation": 270, "texture": "#0"},
				"down": {"uv": [7, 9, 8, 10], "rotation": 90, "texture": "#0"}
			}
		},
		{
			"from": [16, 2, 6],
			"to": [17, 4, 8],
			"faces": {
				"north": {"uv": [9, 12, 10, 14], "texture": "#0"},
				"east": {"uv": [8, 12, 10, 14], "texture": "#0"},
				"south": {"uv": [8, 12, 9, 14], "texture": "#0"},
				"west": {"uv": [0, 0, 1, 1], "texture": "#missing"},
				"up": {"uv": [8, 12, 10, 13], "rotation": 270, "texture": "#0"},
				"down": {"uv": [8, 13, 10, 14], "rotation": 90, "texture": "#0"}
			}
		},
		{
			"from": [16, 2, 5],
			"to": [17, 4, 6],
			"faces": {
				"north": {"uv": [10, 12, 11, 14], "texture": "#0"},
				"east": {"uv": [10, 12, 11, 14], "texture": "#0"},
				"south": {"uv": [10, 12, 11, 14], "texture": "#0"},
				"west": {"uv": [0, 0, 1, 2], "texture": "#missing"},
				"up": {"uv": [10, 12, 11, 13], "rotation": 270, "texture": "#0"},
				"down": {"uv": [10, 13, 11, 14], "rotation": 90, "texture": "#0"}
			}
		},
		{
			"from": [16, 5, 1],
			"to": [17, 7, 3],
			"faces": {
				"north": {"uv": [14, 9, 15, 11], "texture": "#0"},
				"east": {"uv": [13, 9, 15, 11], "texture": "#0"},
				"south": {"uv": [13, 9, 14, 11], "texture": "#0"},
				"west": {"uv": [0, 0, 1, 1], "texture": "#missing"},
				"up": {"uv": [13, 9, 15, 10], "rotation": 270, "texture": "#0"},
				"down": {"uv": [13, 10, 15, 11], "rotation": 90, "texture": "#0"}
			}
		},
		{
			"from": [16, 3, 1],
			"to": [17, 5, 3],
			"faces": {
				"north": {"uv": [14, 11, 15, 13], "texture": "#0"},
				"east": {"uv": [13, 11, 15, 13], "texture": "#0"},
				"south": {"uv": [13, 11, 14, 13], "texture": "#0"},
				"west": {"uv": [0, 0, 1, 1], "texture": "#missing"},
				"up": {"uv": [13, 11, 15, 12], "rotation": 270, "texture": "#0"},
				"down": {"uv": [13, 12, 15, 13], "rotation": 90, "texture": "#0"}
			}
		},
		{
			"from": [16, 4, 11],
			"to": [17, 6, 12],
			"faces": {
				"north": {"uv": [4, 10, 5, 12], "texture": "#0"},
				"east": {"uv": [4, 10, 5, 12], "texture": "#0"},
				"south": {"uv": [4, 10, 5, 12], "texture": "#0"},
				"west": {"uv": [0, 0, 1, 2], "texture": "#missing"},
				"up": {"uv": [4, 10, 5, 11], "rotation": 270, "texture": "#0"},
				"down": {"uv": [4, 11, 5, 12], "rotation": 90, "texture": "#0"}
			}
		},
		{
			"from": [16, 4, 12],
			"to": [17, 5, 14],
			"faces": {
				"north": {"uv": [3, 11, 4, 12], "texture": "#0"},
				"east": {"uv": [2, 11, 4, 12], "texture": "#0"},
				"south": {"uv": [2, 11, 3, 12], "texture": "#0"},
				"west": {"uv": [0, 0, 1, 1], "texture": "#missing"},
				"up": {"uv": [2, 11, 4, 12], "rotation": 270, "texture": "#0"},
				"down": {"uv": [2, 11, 4, 12], "rotation": 90, "texture": "#0"}
			}
		},
		{
			"from": [16, 1, 10],
			"to": [17, 3, 12],
			"faces": {
				"north": {"uv": [5, 13, 6, 15], "texture": "#0"},
				"east": {"uv": [4, 13, 6, 15], "texture": "#0"},
				"south": {"uv": [4, 13, 5, 15], "texture": "#0"},
				"west": {"uv": [0, 0, 1, 1], "texture": "#missing"},
				"up": {"uv": [4, 13, 6, 14], "rotation": 270, "texture": "#0"},
				"down": {"uv": [4, 14, 6, 15], "rotation": 90, "texture": "#0"}
			}
		},
		{
			"from": [16, 1, 9],
			"to": [17, 3, 10],
			"faces": {
				"north": {"uv": [6, 13, 7, 15], "texture": "#0"},
				"east": {"uv": [6, 13, 7, 15], "texture": "#0"},
				"south": {"uv": [6, 13, 7, 15], "texture": "#0"},
				"west": {"uv": [0, 0, 1, 2], "texture": "#missing"},
				"up": {"uv": [6, 13, 7, 14], "rotation": 270, "texture": "#0"},
				"down": {"uv": [6, 14, 7, 15], "rotation": 90, "texture": "#0"}
			}
		},
		{
			"from": [5, 16, 12],
			"to": [6, 17, 13],
			"faces": {
				"north": {"uv": [5, 12, 6, 13], "rotation": 180, "texture": "#0"},
				"east": {"uv": [5, 12, 6, 13], "rotation": 90, "texture": "#0"},
				"south": {"uv": [5, 12, 6, 13], "texture": "#0"},
				"west": {"uv": [5, 12, 6, 13], "rotation": 270, "texture": "#0"},
				"up": {"uv": [5, 12, 6, 13], "texture": "#0"},
				"down": {"uv": [0, 0, 1, 1], "rotation": 180, "texture": "#missing"}
			}
		},
		{
			"from": [2, 16, 2],
			"to": [6, 17, 3],
			"faces": {
				"north": {"uv": [2, 2, 6, 3], "rotation": 180, "texture": "#0"},
				"east": {"uv": [5, 2, 6, 3], "rotation": 90, "texture": "#0"},
				"south": {"uv": [2, 2, 6, 3], "texture": "#0"},
				"west": {"uv": [2, 2, 3, 3], "rotation": 270, "texture": "#0"},
				"up": {"uv": [2, 2, 6, 3], "texture": "#0"},
				"down": {"uv": [0, 0, 4, 1], "rotation": 180, "texture": "#missing"}
			}
		},
		{
			"from": [5, 16, 3],
			"to": [6, 17, 4],
			"faces": {
				"north": {"uv": [5, 3, 6, 4], "rotation": 180, "texture": "#0"},
				"east": {"uv": [5, 3, 6, 4], "rotation": 90, "texture": "#0"},
				"south": {"uv": [5, 3, 6, 4], "texture": "#0"},
				"west": {"uv": [5, 3, 6, 4], "rotation": 270, "texture": "#0"},
				"up": {"uv": [5, 3, 6, 4], "texture": "#0"},
				"down": {"uv": [0, 0, 1, 1], "rotation": 180, "texture": "#missing"}
			}
		},
		{
			"from": [7, 16, 3],
			"to": [9, 17, 4],
			"faces": {
				"north": {"uv": [7, 3, 9, 4], "rotation": 180, "texture": "#0"},
				"east": {"uv": [8, 3, 9, 4], "rotation": 90, "texture": "#0"},
				"south": {"uv": [7, 3, 9, 4], "texture": "#0"},
				"west": {"uv": [7, 3, 8, 4], "rotation": 270, "texture": "#0"},
				"up": {"uv": [7, 3, 9, 4], "texture": "#0"},
				"down": {"uv": [0, 0, 1, 1], "rotation": 180, "texture": "#missing"}
			}
		},
		{
			"from": [12, 16, 2],
			"to": [14, 17, 3],
			"faces": {
				"north": {"uv": [12, 2, 14, 3], "rotation": 180, "texture": "#0"},
				"east": {"uv": [13, 2, 14, 3], "rotation": 90, "texture": "#0"},
				"south": {"uv": [7, 3, 9, 4], "texture": "#0"},
				"west": {"uv": [12, 2, 13, 3], "rotation": 270, "texture": "#0"},
				"up": {"uv": [12, 2, 14, 3], "texture": "#0"},
				"down": {"uv": [0, 0, 1, 1], "rotation": 180, "texture": "#missing"}
			}
		},
		{
			"from": [10, 16, 5],
			"to": [12, 17, 7],
			"faces": {
				"north": {"uv": [10, 5, 12, 6], "rotation": 180, "texture": "#0"},
				"east": {"uv": [11, 5, 12, 7], "rotation": 90, "texture": "#0"},
				"south": {"uv": [10, 6, 12, 7], "texture": "#0"},
				"west": {"uv": [10, 5, 11, 7], "rotation": 270, "texture": "#0"},
				"up": {"uv": [10, 5, 12, 7], "texture": "#0"},
				"down": {"uv": [0, 0, 1, 1], "rotation": 180, "texture": "#missing"}
			}
		},
		{
			"from": [1, 16, 7],
			"to": [3, 17, 9],
			"faces": {
				"north": {"uv": [1, 7, 3, 8], "rotation": 180, "texture": "#0"},
				"east": {"uv": [2, 7, 3, 9], "rotation": 90, "texture": "#0"},
				"south": {"uv": [1, 8, 3, 9], "texture": "#0"},
				"west": {"uv": [1, 7, 2, 9], "rotation": 270, "texture": "#0"},
				"up": {"uv": [1, 7, 3, 9], "texture": "#0"},
				"down": {"uv": [0, 0, 1, 1], "rotation": 180, "texture": "#missing"}
			}
		},
		{
			"from": [5, 16, 5],
			"to": [7, 17, 7],
			"faces": {
				"north": {"uv": [5, 5, 7, 6], "rotation": 180, "texture": "#0"},
				"east": {"uv": [6, 5, 7, 7], "rotation": 90, "texture": "#0"},
				"south": {"uv": [5, 6, 7, 7], "texture": "#0"},
				"west": {"uv": [5, 5, 6, 7], "rotation": 270, "texture": "#0"},
				"up": {"uv": [5, 5, 7, 7], "texture": "#0"},
				"down": {"uv": [0, 0, 1, 1], "rotation": 180, "texture": "#missing"}
			}
		},
		{
			"from": [3, 16, 6],
			"to": [5, 17, 7],
			"faces": {
				"north": {"uv": [3, 6, 5, 7], "rotation": 180, "texture": "#0"},
				"east": {"uv": [4, 6, 5, 7], "rotation": 90, "texture": "#0"},
				"south": {"uv": [3, 6, 5, 7], "texture": "#0"},
				"west": {"uv": [3, 6, 4, 7], "rotation": 270, "texture": "#0"},
				"up": {"uv": [3, 6, 5, 7], "texture": "#0"},
				"down": {"uv": [0, 0, 1, 1], "rotation": 180, "texture": "#missing"}
			}
		},
		{
			"from": [7, 16, 6],
			"to": [8, 17, 7],
			"faces": {
				"north": {"uv": [7, 6, 8, 7], "rotation": 180, "texture": "#0"},
				"east": {"uv": [7, 6, 8, 7], "rotation": 90, "texture": "#0"},
				"south": {"uv": [7, 6, 8, 7], "texture": "#0"},
				"west": {"uv": [7, 6, 8, 7], "rotation": 270, "texture": "#0"},
				"up": {"uv": [7, 6, 8, 7], "texture": "#0"},
				"down": {"uv": [0, 0, 1, 1], "rotation": 180, "texture": "#missing"}
			}
		},
		{
			"from": [10, 16, 8],
			"to": [12, 17, 10],
			"faces": {
				"north": {"uv": [10, 8, 12, 9], "rotation": 180, "texture": "#0"},
				"east": {"uv": [11, 8, 12, 10], "rotation": 90, "texture": "#0"},
				"south": {"uv": [10, 9, 12, 10], "texture": "#0"},
				"west": {"uv": [10, 8, 11, 10], "rotation": 270, "texture": "#0"},
				"up": {"uv": [10, 8, 12, 10], "texture": "#0"},
				"down": {"uv": [0, 0, 1, 1], "rotation": 180, "texture": "#missing"}
			}
		},
		{
			"from": [8, 16, 9],
			"to": [10, 17, 11],
			"faces": {
				"north": {"uv": [9, 9, 11, 10], "rotation": 180, "texture": "#0"},
				"east": {"uv": [9, 9, 10, 11], "rotation": 90, "texture": "#0"},
				"south": {"uv": [9, 10, 11, 11], "texture": "#0"},
				"west": {"uv": [8, 9, 9, 11], "rotation": 270, "texture": "#0"},
				"up": {"uv": [8, 9, 10, 11], "texture": "#0"},
				"down": {"uv": [0, 0, 1, 1], "rotation": 180, "texture": "#missing"}
			}
		},
		{
			"from": [9, 16, 8],
			"to": [10, 17, 9],
			"faces": {
				"north": {"uv": [9, 8, 10, 9], "rotation": 180, "texture": "#0"},
				"east": {"uv": [9, 8, 10, 9], "rotation": 90, "texture": "#0"},
				"south": {"uv": [9, 8, 10, 9], "texture": "#0"},
				"west": {"uv": [9, 8, 10, 9], "rotation": 270, "texture": "#0"},
				"up": {"uv": [9, 8, 10, 9], "texture": "#0"},
				"down": {"uv": [0, 0, 1, 1], "rotation": 180, "texture": "#missing"}
			}
		},
		{
			"from": [10, 16, 10],
			"to": [11, 17, 11],
			"faces": {
				"north": {"uv": [10, 10, 11, 11], "rotation": 180, "texture": "#0"},
				"east": {"uv": [10, 10, 11, 11], "rotation": 90, "texture": "#0"},
				"south": {"uv": [10, 10, 11, 11], "texture": "#0"},
				"west": {"uv": [10, 10, 11, 11], "rotation": 270, "texture": "#0"},
				"up": {"uv": [10, 10, 11, 11], "texture": "#0"},
				"down": {"uv": [0, 0, 1, 1], "rotation": 180, "texture": "#missing"}
			}
		},
		{
			"from": [7, 16, 8],
			"to": [8, 17, 10],
			"faces": {
				"north": {"uv": [7, 8, 8, 9], "rotation": 180, "texture": "#0"},
				"east": {"uv": [7, 8, 8, 10], "rotation": 90, "texture": "#0"},
				"south": {"uv": [7, 9, 8, 10], "texture": "#0"},
				"west": {"uv": [7, 8, 8, 10], "rotation": 270, "texture": "#0"},
				"up": {"uv": [7, 8, 8, 10], "texture": "#0"},
				"down": {"uv": [0, 0, 1, 2], "rotation": 180, "texture": "#missing"}
			}
		},
		{
			"from": [8, 16, 12],
			"to": [10, 17, 14],
			"faces": {
				"north": {"uv": [8, 12, 10, 13], "rotation": 180, "texture": "#0"},
				"east": {"uv": [9, 12, 10, 14], "rotation": 90, "texture": "#0"},
				"south": {"uv": [8, 13, 10, 14], "texture": "#0"},
				"west": {"uv": [8, 12, 9, 14], "rotation": 270, "texture": "#0"},
				"up": {"uv": [8, 12, 10, 14], "texture": "#0"},
				"down": {"uv": [0, 0, 1, 1], "rotation": 180, "texture": "#missing"}
			}
		},
		{
			"from": [10, 16, 12],
			"to": [11, 17, 14],
			"faces": {
				"north": {"uv": [10, 12, 11, 13], "rotation": 180, "texture": "#0"},
				"east": {"uv": [10, 12, 11, 14], "rotation": 90, "texture": "#0"},
				"south": {"uv": [10, 13, 11, 14], "texture": "#0"},
				"west": {"uv": [10, 12, 11, 14], "rotation": 270, "texture": "#0"},
				"up": {"uv": [10, 12, 11, 14], "texture": "#0"},
				"down": {"uv": [0, 0, 1, 2], "rotation": 180, "texture": "#missing"}
			}
		},
		{
			"from": [13, 16, 9],
			"to": [15, 17, 11],
			"faces": {
				"north": {"uv": [13, 9, 15, 10], "rotation": 180, "texture": "#0"},
				"east": {"uv": [14, 9, 15, 11], "rotation": 90, "texture": "#0"},
				"south": {"uv": [13, 10, 15, 11], "texture": "#0"},
				"west": {"uv": [13, 9, 14, 11], "rotation": 270, "texture": "#0"},
				"up": {"uv": [13, 9, 15, 11], "texture": "#0"},
				"down": {"uv": [0, 0, 1, 1], "rotation": 180, "texture": "#missing"}
			}
		},
		{
			"from": [13, 16, 11],
			"to": [15, 17, 13],
			"faces": {
				"north": {"uv": [13, 11, 15, 12], "rotation": 180, "texture": "#0"},
				"east": {"uv": [14, 11, 15, 13], "rotation": 90, "texture": "#0"},
				"south": {"uv": [13, 12, 15, 13], "texture": "#0"},
				"west": {"uv": [13, 11, 14, 13], "rotation": 270, "texture": "#0"},
				"up": {"uv": [13, 11, 15, 13], "texture": "#0"},
				"down": {"uv": [0, 0, 1, 1], "rotation": 180, "texture": "#missing"}
			}
		},
		{
			"from": [4, 16, 10],
			"to": [5, 17, 12],
			"faces": {
				"north": {"uv": [4, 10, 5, 11], "rotation": 180, "texture": "#0"},
				"east": {"uv": [4, 10, 5, 12], "rotation": 90, "texture": "#0"},
				"south": {"uv": [4, 11, 5, 12], "texture": "#0"},
				"west": {"uv": [4, 10, 5, 12], "rotation": 270, "texture": "#0"},
				"up": {"uv": [4, 10, 5, 12], "texture": "#0"},
				"down": {"uv": [0, 0, 1, 2], "rotation": 180, "texture": "#missing"}
			}
		},
		{
			"from": [2, 16, 11],
			"to": [4, 17, 12],
			"faces": {
				"north": {"uv": [2, 11, 4, 12], "rotation": 180, "texture": "#0"},
				"east": {"uv": [3, 11, 4, 12], "rotation": 90, "texture": "#0"},
				"south": {"uv": [2, 11, 4, 12], "texture": "#0"},
				"west": {"uv": [2, 11, 3, 12], "rotation": 270, "texture": "#0"},
				"up": {"uv": [2, 11, 4, 12], "texture": "#0"},
				"down": {"uv": [0, 0, 1, 1], "rotation": 180, "texture": "#missing"}
			}
		},
		{
			"from": [4, 16, 13],
			"to": [6, 17, 15],
			"faces": {
				"north": {"uv": [4, 13, 6, 14], "rotation": 180, "texture": "#0"},
				"east": {"uv": [5, 13, 6, 15], "rotation": 90, "texture": "#0"},
				"south": {"uv": [4, 14, 6, 15], "texture": "#0"},
				"west": {"uv": [4, 13, 5, 15], "rotation": 270, "texture": "#0"},
				"up": {"uv": [4, 13, 6, 15], "texture": "#0"},
				"down": {"uv": [0, 0, 1, 1], "rotation": 180, "texture": "#missing"}
			}
		},
		{
			"from": [6, 16, 13],
			"to": [7, 17, 15],
			"faces": {
				"north": {"uv": [6, 13, 7, 14], "rotation": 180, "texture": "#0"},
				"east": {"uv": [6, 13, 7, 15], "rotation": 90, "texture": "#0"},
				"south": {"uv": [6, 14, 7, 15], "texture": "#0"},
				"west": {"uv": [6, 13, 7, 15], "rotation": 270, "texture": "#0"},
				"up": {"uv": [6, 13, 7, 15], "texture": "#0"},
				"down": {"uv": [0, 0, 1, 2], "rotation": 180, "texture": "#missing"}
			}
		},
		{
			"from": [5, -1, 3],
			"to": [6, 0, 4],
			"faces": {
				"north": {"uv": [5, 12, 6, 13], "rotation": 180, "texture": "#0"},
				"east": {"uv": [5, 12, 6, 13], "rotation": 270, "texture": "#0"},
				"south": {"uv": [5, 12, 6, 13], "texture": "#0"},
				"west": {"uv": [5, 12, 6, 13], "rotation": 90, "texture": "#0"},
				"up": {"uv": [0, 0, 1, 1], "rotation": 180, "texture": "#missing"},
				"down": {"uv": [5, 12, 6, 13], "texture": "#0"}
			}
		},
		{
			"from": [2, -1, 13],
			"to": [6, 0, 14],
			"faces": {
				"north": {"uv": [2, 2, 6, 3], "rotation": 180, "texture": "#0"},
				"east": {"uv": [5, 2, 6, 3], "rotation": 270, "texture": "#0"},
				"south": {"uv": [2, 2, 6, 3], "texture": "#0"},
				"west": {"uv": [2, 2, 3, 3], "rotation": 90, "texture": "#0"},
				"up": {"uv": [0, 0, 4, 1], "rotation": 180, "texture": "#missing"},
				"down": {"uv": [2, 2, 6, 3], "texture": "#0"}
			}
		},
		{
			"from": [5, -1, 12],
			"to": [6, 0, 13],
			"faces": {
				"north": {"uv": [5, 3, 6, 4], "rotation": 180, "texture": "#0"},
				"east": {"uv": [5, 3, 6, 4], "rotation": 270, "texture": "#0"},
				"south": {"uv": [5, 3, 6, 4], "texture": "#0"},
				"west": {"uv": [5, 3, 6, 4], "rotation": 90, "texture": "#0"},
				"up": {"uv": [0, 0, 1, 1], "rotation": 180, "texture": "#missing"},
				"down": {"uv": [5, 3, 6, 4], "texture": "#0"}
			}
		},
		{
			"from": [7, -1, 12],
			"to": [9, 0, 13],
			"faces": {
				"north": {"uv": [7, 3, 9, 4], "rotation": 180, "texture": "#0"},
				"east": {"uv": [8, 3, 9, 4], "rotation": 270, "texture": "#0"},
				"south": {"uv": [7, 3, 9, 4], "texture": "#0"},
				"west": {"uv": [7, 3, 8, 4], "rotation": 90, "texture": "#0"},
				"up": {"uv": [0, 0, 1, 1], "rotation": 180, "texture": "#missing"},
				"down": {"uv": [7, 3, 9, 4], "texture": "#0"}
			}
		},
		{
			"from": [12, -1, 13],
			"to": [14, 0, 14],
			"faces": {
				"north": {"uv": [7, 3, 9, 4], "rotation": 180, "texture": "#0"},
				"east": {"uv": [13, 2, 14, 3], "rotation": 270, "texture": "#0"},
				"south": {"uv": [12, 2, 14, 3], "texture": "#0"},
				"west": {"uv": [12, 2, 13, 3], "rotation": 90, "texture": "#0"},
				"up": {"uv": [0, 0, 1, 1], "rotation": 180, "texture": "#missing"},
				"down": {"uv": [12, 2, 14, 3], "texture": "#0"}
			}
		},
		{
			"from": [10, -1, 9],
			"to": [12, 0, 11],
			"faces": {
				"north": {"uv": [10, 6, 12, 7], "rotation": 180, "texture": "#0"},
				"east": {"uv": [11, 5, 12, 7], "rotation": 270, "texture": "#0"},
				"south": {"uv": [10, 5, 12, 6], "texture": "#0"},
				"west": {"uv": [10, 5, 11, 7], "rotation": 90, "texture": "#0"},
				"up": {"uv": [0, 0, 1, 1], "rotation": 180, "texture": "#missing"},
				"down": {"uv": [10, 5, 12, 7], "texture": "#0"}
			}
		},
		{
			"from": [1, -1, 7],
			"to": [3, 0, 9],
			"faces": {
				"north": {"uv": [1, 8, 3, 9], "rotation": 180, "texture": "#0"},
				"east": {"uv": [2, 7, 3, 9], "rotation": 270, "texture": "#0"},
				"south": {"uv": [1, 7, 3, 8], "texture": "#0"},
				"west": {"uv": [1, 7, 2, 9], "rotation": 90, "texture": "#0"},
				"up": {"uv": [0, 0, 1, 1], "rotation": 180, "texture": "#missing"},
				"down": {"uv": [1, 7, 3, 9], "texture": "#0"}
			}
		},
		{
			"from": [5, -1, 9],
			"to": [7, 0, 11],
			"faces": {
				"north": {"uv": [5, 6, 7, 7], "rotation": 180, "texture": "#0"},
				"east": {"uv": [6, 5, 7, 7], "rotation": 270, "texture": "#0"},
				"south": {"uv": [5, 5, 7, 6], "texture": "#0"},
				"west": {"uv": [5, 5, 6, 7], "rotation": 90, "texture": "#0"},
				"up": {"uv": [0, 0, 1, 1], "rotation": 180, "texture": "#missing"},
				"down": {"uv": [5, 5, 7, 7], "texture": "#0"}
			}
		},
		{
			"from": [3, -1, 9],
			"to": [5, 0, 10],
			"faces": {
				"north": {"uv": [3, 6, 5, 7], "rotation": 180, "texture": "#0"},
				"east": {"uv": [4, 6, 5, 7], "rotation": 270, "texture": "#0"},
				"south": {"uv": [3, 6, 5, 7], "texture": "#0"},
				"west": {"uv": [3, 6, 4, 7], "rotation": 90, "texture": "#0"},
				"up": {"uv": [0, 0, 1, 1], "rotation": 180, "texture": "#missing"},
				"down": {"uv": [3, 6, 5, 7], "texture": "#0"}
			}
		},
		{
			"from": [7, -1, 9],
			"to": [8, 0, 10],
			"faces": {
				"north": {"uv": [7, 6, 8, 7], "rotation": 180, "texture": "#0"},
				"east": {"uv": [7, 6, 8, 7], "rotation": 270, "texture": "#0"},
				"south": {"uv": [7, 6, 8, 7], "texture": "#0"},
				"west": {"uv": [7, 6, 8, 7], "rotation": 90, "texture": "#0"},
				"up": {"uv": [0, 0, 1, 1], "rotation": 180, "texture": "#missing"},
				"down": {"uv": [7, 6, 8, 7], "texture": "#0"}
			}
		},
		{
			"from": [10, -1, 6],
			"to": [12, 0, 8],
			"faces": {
				"north": {"uv": [10, 9, 12, 10], "rotation": 180, "texture": "#0"},
				"east": {"uv": [11, 8, 12, 10], "rotation": 270, "texture": "#0"},
				"south": {"uv": [10, 8, 12, 9], "texture": "#0"},
				"west": {"uv": [10, 8, 11, 10], "rotation": 90, "texture": "#0"},
				"up": {"uv": [0, 0, 1, 1], "rotation": 180, "texture": "#missing"},
				"down": {"uv": [10, 8, 12, 10], "texture": "#0"}
			}
		},
		{
			"from": [8, -1, 5],
			"to": [10, 0, 7],
			"faces": {
				"north": {"uv": [9, 10, 11, 11], "rotation": 180, "texture": "#0"},
				"east": {"uv": [9, 9, 10, 11], "rotation": 270, "texture": "#0"},
				"south": {"uv": [9, 9, 11, 10], "texture": "#0"},
				"west": {"uv": [8, 9, 9, 11], "rotation": 90, "texture": "#0"},
				"up": {"uv": [0, 0, 1, 1], "rotation": 180, "texture": "#missing"},
				"down": {"uv": [8, 9, 10, 11], "texture": "#0"}
			}
		},
		{
			"from": [9, -1, 7],
			"to": [10, 0, 8],
			"faces": {
				"north": {"uv": [9, 8, 10, 9], "rotation": 180, "texture": "#0"},
				"east": {"uv": [9, 8, 10, 9], "rotation": 270, "texture": "#0"},
				"south": {"uv": [9, 8, 10, 9], "texture": "#0"},
				"west": {"uv": [9, 8, 10, 9], "rotation": 90, "texture": "#0"},
				"up": {"uv": [0, 0, 1, 1], "rotation": 180, "texture": "#missing"},
				"down": {"uv": [9, 8, 10, 9], "texture": "#0"}
			}
		},
		{
			"from": [10, -1, 5],
			"to": [11, 0, 6],
			"faces": {
				"north": {"uv": [10, 10, 11, 11], "rotation": 180, "texture": "#0"},
				"east": {"uv": [10, 10, 11, 11], "rotation": 270, "texture": "#0"},
				"south": {"uv": [10, 10, 11, 11], "texture": "#0"},
				"west": {"uv": [10, 10, 11, 11], "rotation": 90, "texture": "#0"},
				"up": {"uv": [0, 0, 1, 1], "rotation": 180, "texture": "#missing"},
				"down": {"uv": [10, 10, 11, 11], "texture": "#0"}
			}
		},
		{
			"from": [7, -1, 6],
			"to": [8, 0, 8],
			"faces": {
				"north": {"uv": [7, 9, 8, 10], "rotation": 180, "texture": "#0"},
				"east": {"uv": [7, 8, 8, 10], "rotation": 270, "texture": "#0"},
				"south": {"uv": [7, 8, 8, 9], "texture": "#0"},
				"west": {"uv": [7, 8, 8, 10], "rotation": 90, "texture": "#0"},
				"up": {"uv": [0, 0, 1, 2], "rotation": 180, "texture": "#missing"},
				"down": {"uv": [7, 8, 8, 10], "texture": "#0"}
			}
		},
		{
			"from": [8, -1, 2],
			"to": [10, 0, 4],
			"faces": {
				"north": {"uv": [8, 13, 10, 14], "rotation": 180, "texture": "#0"},
				"east": {"uv": [9, 12, 10, 14], "rotation": 270, "texture": "#0"},
				"south": {"uv": [8, 12, 10, 13], "texture": "#0"},
				"west": {"uv": [8, 12, 9, 14], "rotation": 90, "texture": "#0"},
				"up": {"uv": [0, 0, 1, 1], "rotation": 180, "texture": "#missing"},
				"down": {"uv": [8, 12, 10, 14], "texture": "#0"}
			}
		},
		{
			"from": [10, -1, 2],
			"to": [11, 0, 4],
			"faces": {
				"north": {"uv": [10, 13, 11, 14], "rotation": 180, "texture": "#0"},
				"east": {"uv": [10, 12, 11, 14], "rotation": 270, "texture": "#0"},
				"south": {"uv": [10, 12, 11, 13], "texture": "#0"},
				"west": {"uv": [10, 12, 11, 14], "rotation": 90, "texture": "#0"},
				"up": {"uv": [0, 0, 1, 2], "rotation": 180, "texture": "#missing"},
				"down": {"uv": [10, 12, 11, 14], "texture": "#0"}
			}
		},
		{
			"from": [13, -1, 5],
			"to": [15, 0, 7],
			"faces": {
				"north": {"uv": [13, 10, 15, 11], "rotation": 180, "texture": "#0"},
				"east": {"uv": [14, 9, 15, 11], "rotation": 270, "texture": "#0"},
				"south": {"uv": [13, 9, 15, 10], "texture": "#0"},
				"west": {"uv": [13, 9, 14, 11], "rotation": 90, "texture": "#0"},
				"up": {"uv": [0, 0, 1, 1], "rotation": 180, "texture": "#missing"},
				"down": {"uv": [13, 9, 15, 11], "texture": "#0"}
			}
		},
		{
			"from": [13, -1, 3],
			"to": [15, 0, 5],
			"faces": {
				"north": {"uv": [13, 12, 15, 13], "rotation": 180, "texture": "#0"},
				"east": {"uv": [14, 11, 15, 13], "rotation": 270, "texture": "#0"},
				"south": {"uv": [13, 11, 15, 12], "texture": "#0"},
				"west": {"uv": [13, 11, 14, 13], "rotation": 90, "texture": "#0"},
				"up": {"uv": [0, 0, 1, 1], "rotation": 180, "texture": "#missing"},
				"down": {"uv": [13, 11, 15, 13], "texture": "#0"}
			}
		},
		{
			"from": [4, -1, 4],
			"to": [5, 0, 6],
			"faces": {
				"north": {"uv": [4, 11, 5, 12], "rotation": 180, "texture": "#0"},
				"east": {"uv": [4, 10, 5, 12], "rotation": 270, "texture": "#0"},
				"south": {"uv": [4, 10, 5, 11], "texture": "#0"},
				"west": {"uv": [4, 10, 5, 12], "rotation": 90, "texture": "#0"},
				"up": {"uv": [0, 0, 1, 2], "rotation": 180, "texture": "#missing"},
				"down": {"uv": [4, 10, 5, 12], "texture": "#0"}
			}
		},
		{
			"from": [2, -1, 4],
			"to": [4, 0, 5],
			"faces": {
				"north": {"uv": [2, 11, 4, 12], "rotation": 180, "texture": "#0"},
				"east": {"uv": [3, 11, 4, 12], "rotation": 270, "texture": "#0"},
				"south": {"uv": [2, 11, 4, 12], "texture": "#0"},
				"west": {"uv": [2, 11, 3, 12], "rotation": 90, "texture": "#0"},
				"up": {"uv": [0, 0, 1, 1], "rotation": 180, "texture": "#missing"},
				"down": {"uv": [2, 11, 4, 12], "texture": "#0"}
			}
		},
		{
			"from": [4, -1, 1],
			"to": [6, 0, 3],
			"faces": {
				"north": {"uv": [4, 14, 6, 15], "rotation": 180, "texture": "#0"},
				"east": {"uv": [5, 13, 6, 15], "rotation": 270, "texture": "#0"},
				"south": {"uv": [4, 13, 6, 14], "texture": "#0"},
				"west": {"uv": [4, 13, 5, 15], "rotation": 90, "texture": "#0"},
				"up": {"uv": [0, 0, 1, 1], "rotation": 180, "texture": "#missing"},
				"down": {"uv": [4, 13, 6, 15], "texture": "#0"}
			}
		},
		{
			"from": [6, -1, 1],
			"to": [7, 0, 3],
			"faces": {
				"north": {"uv": [6, 14, 7, 15], "rotation": 180, "texture": "#0"},
				"east": {"uv": [6, 13, 7, 15], "rotation": 270, "texture": "#0"},
				"south": {"uv": [6, 13, 7, 14], "texture": "#0"},
				"west": {"uv": [6, 13, 7, 15], "rotation": 90, "texture": "#0"},
				"up": {"uv": [0, 0, 1, 2], "rotation": 180, "texture": "#missing"},
				"down": {"uv": [6, 13, 7, 15], "texture": "#0"}
			}
		}
	],
	"groups": [0,
		{
			"name": "ore",
			"origin": [4, 7, 8],
			"children": [1, 2, 3, 4, 5, 6, 7, 8, 9, 10, 11, 12, 13, 14, 15, 16, 17, 18, 19, 20, 21, 22, 23]
		},
		{
			"name": "ore",
			"origin": [4, 7, 8],
			"children": [24, 25, 26, 27, 28, 29, 30, 31, 32, 33, 34, 35, 36, 37, 38, 39, 40, 41, 42, 43, 44, 45, 46]
		},
		{
			"name": "ore",
			"origin": [4, 7, 8],
			"children": [47, 48, 49, 50, 51, 52, 53, 54, 55, 56, 57, 58, 59, 60, 61, 62, 63, 64, 65, 66, 67, 68, 69]
		},
		{
			"name": "ore",
			"origin": [4, 7, 8],
			"children": [70, 71, 72, 73, 74, 75, 76, 77, 78, 79, 80, 81, 82, 83, 84, 85, 86, 87, 88, 89, 90, 91, 92]
		},
		{
			"name": "ore",
			"origin": [4, 7, 8],
			"children": [93, 94, 95, 96, 97, 98, 99, 100, 101, 102, 103, 104, 105, 106, 107, 108, 109, 110, 111, 112, 113, 114, 115]
		},
		{
			"name": "ore",
			"origin": [4, 7, 8],
			"children": [116, 117, 118, 119, 120, 121, 122, 123, 124, 125, 126, 127, 128, 129, 130, 131, 132, 133, 134, 135, 136, 137, 138]
		}
	]
}